hour_of_day,day_of_week,month,is_weekend,patient_age,patient_sex,imd_quintile,comorbidity_count,previous_ed_visits_12m,re_attendance_72h,arrival_mode,pre_alert_received,chief_complaint,triage_category,news2_score,nhs_trust,ics_region,trust_type,bed_occupancy_pct,beds_available,staff_ratio,daily_ed_attendance,shift_total_arrivals,shift_ambulance_arrivals,ambulance_handover_delay_min,handover_breach_gt30min,wait_time_to_assessment_min,boarding_delay_min,queue_length_estimate,capacity_pressure_index,patient_acuity_score,wait_equity_delta_min,deteriorated_in_ed,admitted,occ_x_triage,wait_per_staff,acuity_x_cpi,night_high_occ,ambul_handover_stress,is_winter
0.020804958,0.0042403336,0.091500506,0.013166194,0.045316406,-0.062911004,-0.058021955,0.2364078,0.016479986,0.002162471,0.21045311,0.0018129258,0.019057315,0.009266068,-0.041680068,0.17564014,0.04679211,-0.40150896,0.59850085,0.15828456,-0.3455445,-0.010765982,-0.104541086,-0.023353752,0.18804424,-0.1149044,-0.39194247,0.023146348,0.11115138,-0.032679867,0.2842904,0.05567899,0.0032925264,-0.072517574,-0.8259673,-0.08706255,0.20812571,0.00011443191,-0.0070134513,0.0
0.030411402,0.007213156,0.06441365,0.008529229,0.025954828,0.054197516,0.026526496,-0.13934802,0.010746967,0.003071919,-0.15058215,0.00087808724,0.04616236,-0.3361498,0.024611339,0.1749752,0.008380662,-0.43752426,0.38953874,-0.080010474,-0.36715636,0.04253677,-0.11177579,-0.079233974,-0.08740566,-0.115023494,-0.2958896,-0.48581782,-1.2779864,-0.07866021,-0.23244019,-0.043860897,0.0018957536,-0.15234463,0.0963349,-0.08980919,-0.4636926,5.815976e-05,-0.0027752083,0.0
0.015551964,-0.069622144,0.09213892,0.013882665,0.06017097,-0.04862751,0.021388302,0.0891275,0.017500272,0.0021936074,0.16908863,-0.00022227818,0.019103076,-0.0022242942,-0.048780803,0.049490858,0.08932661,-0.30042067,-0.6014281,-0.15905128,0.019390864,-0.023188988,0.05595119,0.0471311,-0.3267496,-0.084343135,-0.6805677,0.44968227,-0.15710226,-0.031722065,0.31078768,-0.041365888,0.0014192425,-0.053005718,-0.8612954,-0.18753245,0.29940066,0.00014365409,-0.0066754976,0.0
0.008075709,-0.034533966,-0.034843907,0.012356534,0.061977573,-0.094771124,-0.07896406,-0.10630666,0.008711659,0.0017672044,0.26190007,0.00041493797,0.03192814,-0.3515486,-0.011468496,0.018023359,-0.027329316,0.18734096,0.06275618,-0.27654415,-0.39979252,-0.0032113616,0.12374521,0.0057177255,-0.3047095,-0.08664843,-0.23708417,1.0070535,-0.55914533,-0.0071970946,-0.070511855,0.058896493,-0.20921567,-0.27911025,0.24769972,-0.044722132,0.023559239,6.586846e-05,-0.003628146,0.0
-0.095418565,-0.14130627,0.015292169,0.011136683,-0.092809536,0.048686396,0.032860897,-0.050362695,-0.0109855505,0.0017344286,0.21051522,0.0017934476,-0.019357288,-0.58060396,0.023463015,-0.4231023,0.15845427,0.099560685,0.0231973,0.10089725,-0.04874631,0.014412842,-0.18123735,-0.029764844,-0.3098397,-0.116297305,0.36644688,-0.7808242,-1.2724856,-0.18856671,-0.24060796,0.043829326,0.0009618811,-0.07035867,0.74345195,0.034351707,-0.3775744,0.00011443191,-0.0032933173,0.0
0.028209949,-0.0021246888,-0.006117129,0.012868569,0.010522531,0.015498462,-0.08476256,-0.10904155,-0.058350872,0.00189194,0.123664,0.0003390762,-0.26567677,0.046640225,0.017875485,0.031645462,-0.023636505,0.09876152,-0.43850803,-0.15475996,2.5603652,0.07659839,0.05063802,0.05306171,-0.5052841,-0.07729916,-0.67120403,-0.56311923,1.810736,1.2476456,-0.19720401,0.094855435,-0.00034226093,-0.1770082,-1.0190632,-0.105275795,0.28485426,5.815976e-05,-0.005036102,0.0
-0.0059222262,-0.1013643,-0.021828678,0.0076949205,0.026784657,-0.06439222,0.016804049,-0.11197086,0.005951671,0.0019643824,-0.19898923,0.00054629915,0.018017123,-0.17588203,0.029316917,0.17464493,0.018442178,-0.41812363,0.5397726,0.2162573,-0.008710308,0.007903001,0.1390627,0.04615549,0.16036913,-0.08689949,-0.023331404,0.002104994,1.7014745,-0.008201976,-0.2021673,-0.04564874,0.0028746447,-0.044934127,0.55183965,-0.06391204,-0.30334955,0.00011443191,-0.005354245,0.0
0.018782903,0.0064625163,0.025190165,0.012038588,-0.099069685,0.06946311,-0.02059758,0.094892584,-0.16356762,0.0028242231,0.139707,0.007996907,0.018060138,1.4201388,-0.03582442,-0.19968371,0.032410055,0.12559395,-0.21750827,-0.32565668,-0.3871878,-0.019319609,0.067472845,0.027457846,-0.31426558,-0.08243069,-0.7129771,0.13950728,-0.90985787,-0.05062297,0.44356284,0.04363249,0.0015737428,-0.19269152,-0.56652015,-0.14832357,0.4685871,5.815976e-05,-0.00846196,0.0
0.028333027,0.14098352,0.011953259,0.0035604446,0.059169885,-0.02606873,0.03709656,-0.0022018438,-0.0050635585,0.0005311391,-0.1235285,0.00019191267,0.042775795,-0.23058021,0.03228148,0.17549923,-0.029219775,-0.35693184,-0.25482404,0.17580388,-0.11053826,-0.009244981,0.10172619,0.03931526,-0.37047702,-0.09094906,1.1602497,-0.72704095,-0.33204126,-0.045410562,-0.18911986,-0.01363183,0.0031113636,-0.049660105,0.01545275,0.27183297,-0.2857457,0.00025415904,-0.004014133,0.0
0.034602474,-0.053960282,0.031107182,0.0075832875,-0.099593714,0.04367165,0.022799715,-0.07967724,0.0052839634,0.0021382598,-0.23488232,0.0013715408,0.041719392,0.07201613,-0.075101055,0.17726561,0.06688099,-0.3946148,0.104510635,0.2420142,-0.10784933,-0.047509648,0.08179793,0.13848405,-0.06473748,-0.08953768,-0.08383869,-0.36208296,1.2310183,-0.005673951,0.059104413,-0.041861087,0.0016359726,-0.06061492,-1.1662129,-0.08634588,0.027124142,0.00011443191,-0.003586255,0.0
0.0022278368,0.015622361,-0.08409671,0.0088479305,-0.033973776,0.021054318,-0.16145474,-0.10964445,0.006244014,-0.055765186,-0.11737365,0.00050706853,0.03180685,-0.3256563,0.024576059,0.16243158,0.048217837,-0.33285037,-0.5701921,-0.1609404,0.017749928,0.0041655945,-0.1036707,-0.03450861,-0.30030018,-0.10461805,-0.004240784,-0.7765726,-1.1128151,-0.1958297,-0.25436926,0.09232354,0.0024499183,-0.063040376,0.039702736,-0.16000807,-0.47044906,0.00025415904,-0.0028972153,0.0
0.03051617,0.0135909235,0.024829736,0.008589916,0.0016742696,0.039298743,0.04558382,-0.1458885,0.0068007535,0.0025233736,-0.1446749,0.0005911734,0.03948417,1.4649509,-0.07192963,0.17859136,0.043292116,-0.34057063,-0.5358237,-0.25579324,-0.36708188,0.06662894,0.05864231,0.00558381,-0.25939462,-0.07689336,-0.17093265,-0.5952339,-0.89188707,-0.061201476,0.39464694,-0.039922237,0.0015792609,-0.20051599,-0.51868534,-0.04177307,0.37711915,5.815976e-05,-0.0030720285,0.0
0.05207436,-0.13724427,0.07325707,0.011136869,-0.020616757,-0.08625339,0.051184915,-0.063758746,-0.008351634,0.0016496481,0.18560188,0.0024031093,0.038088918,-0.0068634003,0.030523939,0.051544413,0.016826656,0.16689156,0.13432002,-0.26537704,-0.031573307,-0.11155936,-0.10643412,-0.0140416585,0.21732247,-0.106275454,0.106513806,-0.08983846,-1.0157259,-0.13551259,-0.12387299,0.031115863,0.0031200994,-0.21883817,-1.1090643,-0.09506374,-0.27612174,5.815976e-05,-0.0034137676,0.0
0.023290614,-0.06327366,0.0076006395,0.006874186,0.032929573,0.030151596,0.037348464,-0.13648792,0.008679433,0.00041089335,-0.21785863,0.0007073717,0.025222613,1.0000399,-0.047237672,-0.100225806,0.02647468,0.13216898,-0.14007364,0.19816874,-0.1484485,-0.0038638841,-0.11116605,0.009808208,-0.26871744,-0.098076046,0.94628483,-0.3847915,1.1885326,-0.031745613,0.25024644,-0.08849771,0.0013632885,-0.04567137,-0.6842904,0.31612676,0.35363963,0.00011443191,-0.004240028,0.0
0.008808672,0.0371229,-0.15823165,-0.02377789,-0.020220019,0.04780493,0.03143721,0.19651422,0.013808486,0.0038827553,0.157763,0.0006784588,0.037725262,0.067249164,0.025766294,-0.16932675,0.03404264,0.09642223,0.17797016,0.22647211,-0.3743647,0.04529838,0.08316194,-0.015540235,-0.37367773,-0.095714696,-0.33210072,0.024249975,2.008415,0.0032863785,-0.0889121,-0.027305031,-0.0005716549,-0.04907806,-1.1652703,0.04870881,0.028095046,0.00025415904,-0.0051233433,0.0
0.01492647,0.030247485,-0.010693481,0.012475721,0.027251879,0.031113211,-0.08905262,0.11070665,0.014625416,0.0025393413,0.11649821,-0.00017196487,-0.068723254,-0.5508352,0.028541941,0.17988835,0.017056927,-0.41600233,-0.7044883,-0.13702868,-0.36669403,-0.015520452,0.070664555,-0.02096691,0.045276877,-0.08450988,-0.668938,0.822357,0.013837175,0.008804973,-0.23281436,0.056430023,0.0017603805,-0.07207359,1.1757692,-0.15305564,-0.33437973,0.00028338123,-0.00487209,0.0
0.021786593,0.019213116,-0.027072309,0.008581215,0.0037032268,0.07803969,0.02553543,-0.2061298,0.005835825,0.002435314,0.17018074,0.0014692704,-0.035939425,0.08361414,-0.009601589,0.10300594,-0.045601018,-0.3242416,0.66347224,-0.12414182,-0.34918827,0.014851591,0.017476708,-0.008368685,0.40428096,0.5697331,-0.6898438,0.53350204,-1.2116232,0.00020339899,-0.054069113,-0.03123831,-0.12860796,-0.07545552,-0.97826844,-0.15685476,0.05655698,0.00014365409,0.1107936,0.0
0.015773442,0.011324683,0.0035516988,0.008358089,0.041724425,0.0404902,0.05944481,-0.16328518,0.012324033,0.0024024632,-0.14322568,0.0010709851,-0.17448767,-0.3125457,0.017623657,0.10418947,-0.03176815,-0.28439176,0.59551316,-0.099126585,0.028338943,0.041392848,-0.09511338,-0.06890483,-0.19920065,-0.12743615,-0.3510481,0.11290815,-1.0802164,-0.107934184,-0.2736777,-0.044561762,0.0022500518,-0.14609073,0.19212568,-0.2535335,-0.5023047,5.815976e-05,-0.004424096,0.0
0.027237598,0.0397438,0.03122508,-0.0045717764,-0.1667082,0.05335632,0.03476789,-0.07097273,0.01587935,0.002063725,-0.1854815,-0.0007097403,-0.0626069,-0.20881487,0.020996055,-0.18429764,0.048730016,0.10316611,-0.6078406,0.2178621,-0.31739432,0.058398362,0.10779166,-0.007968999,-0.25346187,-0.10503401,0.3514923,0.06054909,1.3226544,-0.051201772,-0.25409254,0.018380346,-0.0003229185,-0.05689167,0.03416669,0.3106911,-0.2091709,0.00025415904,-0.0045678345,0.0
0.025749117,0.0033991851,-0.028598022,0.013776498,0.024855208,0.03625568,-0.063435555,0.11133676,0.017798962,0.0024227635,0.18290952,0.0012567667,0.033269767,0.06586516,0.025990084,-0.107387915,0.0050841365,0.18046269,-0.21614207,0.24586678,0.0642593,0.05565034,-0.13686097,-0.011126638,-0.32134286,-0.105750844,-0.81383735,0.54821914,0.3923507,-0.05430929,0.035446383,0.045826506,0.00092127605,-0.05713652,-1.0898745,-0.23934492,-0.12591666,0.00028338123,-0.0097198635,0.0
-0.21478957,-0.010157271,-0.09151175,0.008325266,-0.015471643,-0.060022626,0.019801807,0.23645513,0.020729622,0.0027510982,-0.17004335,0.0007286846,0.022345576,-0.28666866,0.020795401,0.16826887,0.05207899,-0.33979857,0.7814353,-0.08555479,-0.33443013,-0.09772274,-0.06644129,-0.06857574,0.21844533,-0.11205004,-0.020303471,0.42824572,-1.2726141,-0.015271842,-0.040515885,0.031134764,0.0029575024,-0.12541778,0.41974336,0.12839034,-0.08453832,7.233865e-05,-0.0031611929,0.0
0.014082916,0.025379974,-0.106806196,-0.00263721,-0.00039808924,-0.043403294,0.012925201,0.12982245,0.008585823,0.0016164277,-0.17606568,0.00013681338,-0.04524445,-0.2059462,0.020285621,0.16591331,0.051649652,-0.3102518,0.0802253,0.21223122,-0.24809837,0.06837792,0.13578926,-0.008000735,0.39660177,-0.09979494,0.5497326,-0.60788083,1.4626842,0.07128606,-0.23650333,-0.033658832,0.0020659536,-0.067099184,0.07034978,0.20916674,-0.18744415,0.00025415904,-0.0051319795,0.0
0.042423923,0.004792479,-0.008025209,0.005659209,0.012613023,-0.042283468,0.036895767,-0.033252902,0.009748113,0.001591123,-0.13176222,0.00050706853,-0.002976802,-0.5828128,0.025585229,-0.018739961,0.012966382,0.12702069,-0.6383874,-0.014275273,-6.594394e-05,-0.012247705,-0.14000376,-0.048054367,-0.4198293,-0.10994541,0.27584696,-0.7685522,-1.2953542,-0.12415633,-0.20786299,0.062912755,0.0015983337,-0.07214887,0.83327574,-0.09064341,-0.3430852,0.00011443191,-0.0032285796,0.0
0.015331279,-0.11273173,0.012486758,0.0075713294,-0.045564227,-0.067242704,-0.08307145,0.15047137,-0.11963991,0.00245741,-0.1374245,0.0013576543,0.011919876,-0.43960577,0.023852881,-0.006107004,0.08041962,-0.20680943,0.7371158,0.20581064,0.034526844,-0.0046320017,-0.03296186,-0.016122684,0.30515993,-0.10048414,0.5211183,0.39689326,0.97676694,-0.01221087,-0.149054,0.067052536,0.0007080779,-0.05192083,1.3896887,-0.058823418,-0.2092588,0.00014365409,-0.005277305,0.0
-0.2585949,-0.030709624,-0.027601028,-0.02082999,0.03441871,-0.050580878,0.02948788,-0.117884085,-0.00188786,0.0021217198,0.12742329,0.0013646879,0.014247865,-0.020492036,0.022358967,0.10606886,-0.027865915,-0.25443718,-0.57508856,-0.06141318,-0.088918574,0.040898386,-0.063286535,-0.01145738,-0.16825904,-0.104018375,-0.32120308,-0.039230596,-1.2507132,-0.06545099,-0.13959,0.017996885,0.0034236114,-0.18119943,-1.1646895,-0.10757042,-0.26475626,9.501921e-05,-0.004955905,0.0
-0.078643106,0.059896093,-0.08800679,-0.007397446,-0.11618459,-0.041463695,-0.07548671,-0.13587442,0.008601825,0.0022721058,0.14689483,-0.006480083,-0.13832875,-0.32657734,0.019163288,0.09222635,0.07761488,-0.24651441,-0.307941,-0.24466535,-0.14115757,-0.020219851,-0.08829746,-0.029574635,-0.27653143,-0.09876164,0.018645559,0.12975527,-1.1202061,-0.091241814,-0.273006,0.02914509,0.0028572993,-0.17284064,0.04177814,-0.087986425,-0.49673378,9.501921e-05,-0.004127639,0.0
0.035087213,-0.016975546,0.068788655,-0.021042308,-0.010386238,-0.07710038,-0.17586356,0.20631357,0.009887488,0.0026823494,0.18456204,0.0006623877,0.019475657,-0.0132658435,0.024579577,0.066223,-0.064921945,0.14280437,-0.2587533,0.14630331,-0.4267672,0.04393225,-0.1468021,-0.088181436,0.046865318,-0.099609576,-0.31740066,-0.6181733,-0.97414213,0.014597649,-0.092894085,0.085020095,0.0007665425,-0.06932958,-1.1704404,0.023018815,-0.0005432293,0.00025415904,-0.0037464516,0.0
-0.093676664,0.026062137,-0.015118827,-0.0050036707,0.01286255,-0.055670865,-0.06552446,-0.16723728,0.0073281885,0.0018524772,-0.1301406,0.0003023733,0.03903558,1.5614212,-0.035087466,0.08129864,0.07530508,-0.23743327,0.08347244,-0.32394397,-0.22483145,-0.022170499,-0.050999917,-0.022324013,-0.18359184,-0.0899108,-0.2357635,-0.17029846,-0.7809715,-0.021025546,0.31989926,0.09144653,0.0041968795,-0.18578474,-0.60277116,-0.090901464,0.40299284,9.501921e-05,-0.0047217244,0.0
-0.123103194,-0.01951762,0.011197062,0.0076677995,0.0017074177,-0.07138051,-0.08936466,-0.047882676,0.00762615,0.0028097895,-0.17174914,0.0013393809,-0.029116059,0.052987114,0.0011932097,0.02408008,-0.03481779,0.12935983,0.26008436,-0.10097647,-0.23014705,-0.010074863,-0.062582605,-0.023505276,0.13868816,-0.11862842,0.41298527,-0.39301255,-1.2750026,-0.08928644,-0.044500448,0.07587428,0.004344759,-0.18477668,-1.0897511,0.20028996,-0.015451634,5.815976e-05,-0.0037143773,0.0
0.029406982,0.008745418,0.07206487,0.014056283,0.046132315,-0.05253716,0.026639327,-0.1301131,0.012425347,0.0020174694,0.15789992,0.0018129635,0.029718105,1.4539226,-0.06782309,0.10497388,-0.002293865,-0.2848267,-0.514279,-0.14125042,-0.39632505,-0.021945259,-0.061040137,-0.06902303,-0.047938142,-0.08801424,-0.6179605,-0.561585,-0.93802285,-0.061631776,0.39927995,-0.038346365,0.0039254716,-0.07662601,-0.5571791,-0.15540968,0.29802176,0.00025415904,-0.004788235,0.0
-0.053786542,-0.020148758,-0.11424898,0.009049116,0.04222004,0.03228365,0.02596177,-0.121688694,0.007692238,-0.039915107,0.13662235,-0.011689792,0.026337998,-0.36154392,0.017988482,0.08082386,0.07055988,-0.29303467,-0.5991579,-0.2581863,-0.48252425,0.037186123,-0.07298311,-0.029384673,-0.21539457,-0.102371916,-0.61814326,-0.62362146,-1.1987302,0.016381355,-0.32657322,0.042123124,0.0015683222,-0.06908719,0.1157183,-0.098885864,-0.19420537,0.00011443191,-0.0036674433,0.0
0.021581035,0.012745411,-0.009962306,0.008399274,-0.0054408996,0.03198472,0.02280002,-0.07169677,0.008356726,0.002082319,-0.14281645,0.0004206861,0.020953098,0.011927389,0.009110116,0.16248453,0.019792853,-0.37138733,-0.5311339,-0.26537552,-0.050965432,-0.019761372,0.013788559,0.03379142,-0.38921773,-0.09438174,-0.10875682,-0.815205,-0.9055881,-0.07593245,-0.08980715,-0.043588858,0.0015216705,-0.2425345,-1.1432271,-0.11299203,-0.012107928,9.501921e-05,-0.0030115729,0.0
-0.24531977,-0.0077112373,0.035225857,0.0074406858,0.04112078,-0.050109077,0.041025985,-0.13800608,-0.014135629,0.0016025667,-0.15265289,0.00061004946,0.017931772,0.038085897,0.026503224,0.15916227,0.06326018,-0.41426533,-0.39991257,-0.016275134,-0.12433104,0.0605589,-0.014554304,-0.0066885557,-0.1002955,-0.08762488,-0.24749248,1.4808277,-0.65538186,-0.031751413,-0.15978795,-0.03213797,0.0022713062,-0.21242265,-1.2901235,-0.09133159,-0.10032084,6.586846e-05,-0.0035099813,0.0
0.025500795,0.03320284,0.0822399,-0.0065816003,-0.0077792294,-0.04709706,0.05915151,0.06982019,0.014575847,0.0025794026,-0.16094469,0.00017925027,0.017702648,-0.3597851,-0.009436154,-0.027987136,0.010649705,0.13250187,-0.6131157,0.1086654,-0.15643978,0.05120251,-0.14410026,-0.002281067,-0.32224458,-0.1104982,0.035024103,-0.25187132,-1.2206305,-0.03924781,-0.044697024,-0.033246316,0.0023827096,-0.057178,0.13992193,-0.05779499,-0.05218134,0.00025415904,-0.0035107925,0.0
-0.13170712,0.00944016,0.006463191,0.008282647,0.031690873,0.04512734,0.020817295,-0.07360578,0.009029976,0.0017846576,0.17551014,0.005214219,0.03293746,-0.2834815,-0.007475195,0.16579844,0.017414715,-0.43396926,-0.27657002,0.19574153,-0.0051157842,0.013233543,0.11562661,-0.018902462,0.42710182,0.5915795,-0.6854572,-0.20340176,-0.15143846,-0.025692897,-0.060668297,-0.05990536,0.0010817322,-0.2155055,0.20119701,-0.17962837,-0.12553386,9.501921e-05,0.16301472,0.0
0.016539592,-0.06575311,0.09263583,0.011762325,-0.0064538848,-0.019036356,-0.14380068,0.33361265,0.0145723615,0.002902051,0.16218619,-0.011337614,0.028982326,0.035311542,0.039314356,0.07551639,-0.02439281,-0.22509624,-0.51242316,0.17520225,-0.019167714,-0.027378775,0.08239297,0.041621592,-0.4994329,-0.10577853,-0.81407803,-0.67242193,0.80808306,-0.060089424,0.17635435,0.091605075,-0.00035788017,-0.055362377,-1.0026122,-0.30500427,0.0556843,0.00011443191,-0.009184863,0.0
0.008906374,-0.008271084,0.082690805,0.007444174,0.034811847,0.051722422,0.03239798,-0.042060096,0.010695283,0.0018450206,-0.21757591,0.00025669252,-0.19580917,0.13184106,-0.003625651,-0.4757095,0.1803331,0.13114357,0.6671638,-0.13232692,-0.11580417,-0.037645794,0.0622474,0.016991012,-0.077802025,-0.10168688,0.6570527,-0.06996362,-0.5484052,0.01179104,-0.038875934,-0.029953834,0.0010750797,-0.027845256,-0.8356134,0.101396665,0.03729115,0.00025415904,-0.0029563408,0.0
-0.06278624,-0.09245701,0.0218291,0.008560592,-0.019737037,0.05193539,0.026913682,0.27233592,0.01649302,0.0023959095,-0.14734691,0.0006608612,-0.015297788,-0.02203754,0.023749774,0.18249904,0.05032565,-0.40127334,0.2397102,-0.09275292,-0.3317591,0.0010451518,-0.08194339,-0.046517618,-0.052868336,-0.11499638,-0.5698182,-0.07333318,-1.2678715,-0.06115088,-0.08254019,-0.031393275,0.0013206311,-0.08531071,-1.0875454,-0.122974545,-0.11673168,0.00011443191,-0.0038885684,0.0
0.044878967,0.06956538,0.06764822,-0.0058973436,-0.019226905,-0.04208979,0.036755,-0.048095595,0.020794474,0.0010078992,-0.10548922,0.00026433298,0.0152782565,-0.24340884,0.02068874,0.16090645,-0.005266766,-0.3822813,-0.6628399,-0.21449892,-0.15202478,0.012127382,-0.074729994,-0.0096714925,-0.58022183,-0.1036806,0.61993814,0.5064052,-1.3196014,-0.05016623,-0.23585938,-0.02985488,0.0033690778,-0.07357864,0.016081158,0.22248739,-0.34470332,0.00028338123,-0.0027260734,0.0
0.03441244,0.0022240342,-0.17762262,0.007722743,0.00271123,0.04683418,-0.10655292,-0.09647772,0.0043984135,0.0033493845,-0.22238642,0.00054629915,-0.090451114,-0.2521028,0.026508823,0.0309853,-0.024171395,0.15551168,0.33193824,-0.13276151,-0.122683994,-0.0096334815,0.10253169,-0.016614316,-0.12326618,-0.087976225,-0.108012035,-0.0033517978,0.8066477,0.029171765,-0.24829511,0.06354104,0.0027432176,-0.045757733,0.07873679,-0.08912829,-0.41492912,0.00011443191,-0.0052632526,0.0
-0.016452434,-0.005906489,0.051792365,0.0017181938,0.013363205,-0.036983863,0.023461305,0.01076249,0.008549643,0.0015016254,-0.13859646,0.00051973097,0.02641717,-0.55293393,0.025200482,0.017236352,-0.020620046,0.124474525,-0.63058096,-0.2549161,0.057551168,-0.013768467,-0.06989676,0.0010607792,-0.3624288,-0.10327272,1.0349913,-0.6446498,-1.3217669,-0.038224902,-0.19910784,-0.040698707,0.002785007,-0.056850623,0.774963,0.05525189,-0.30070558,0.00011443191,-0.002010111,0.0
-0.103931524,0.0149087235,-0.008138363,0.011433759,-0.0029088492,-0.08558673,0.027804242,-0.116848715,-0.0017837065,-0.04869255,0.31216305,0.00020146987,-0.01706537,-0.29018003,-0.025075948,0.18070288,0.062977605,-0.4097147,0.5148096,-0.1514772,-0.356979,-0.09203432,0.070116244,-0.024715558,-0.081217356,-0.11530989,0.25944468,-0.25360468,-1.0117006,-0.050581846,-0.06623541,-0.13487664,0.004806399,-0.07015739,0.19420853,0.11606656,0.028626012,0.00025415904,-0.0025164424,0.0
-0.08881385,0.0085368715,0.030456671,0.007743762,0.002619707,0.05480407,0.054034293,-0.11445663,0.009664579,0.00256411,-0.22588183,0.0014887834,0.03329574,1.456256,-0.054581556,-0.04062305,0.0011693933,0.1833944,-0.20894021,-0.116038606,-0.4028312,0.06070929,-0.03634901,0.009955755,0.023640657,-0.06668274,-0.2483479,0.030986443,-0.4383551,-0.012109002,0.2656941,-0.08486121,0.0006541626,-0.05193865,-0.6408701,-0.05141523,0.418134,0.00011443191,-0.00506052,0.0
-0.13440722,-0.000430413,-0.14324358,0.007987427,-0.0037315066,0.03732229,0.024244238,0.10617034,0.015856933,0.00272362,-0.1785087,0.0005379288,-0.08574946,-0.31442988,-0.012811214,-0.016559342,0.011770903,0.10357861,-0.58557266,-0.015379113,-0.16660728,0.09021603,-0.02325299,0.05817931,-0.32617664,-0.10325803,0.10450625,-0.7178172,-0.51177114,-0.096462905,-0.041181963,-0.03987216,-0.14499418,-0.046188656,0.10253692,-0.11646272,-0.030497888,0.00025415904,-0.003288308,0.0
-0.24580762,-0.10740893,0.011679028,0.00807237,-0.028174434,0.044145066,0.024256015,-0.13924141,-0.0010907623,0.0028776347,-0.14489391,0.0006759215,0.025156902,-0.3467557,0.025314052,0.17676283,0.018119747,-0.44426224,-0.3242498,-0.10135165,-0.026589798,0.013967938,-0.06310199,0.007914842,-0.3613922,-0.09826137,-0.25651297,0.19577836,-1.2745713,-0.04999453,-0.24082553,0.048570998,0.0029529578,-0.120988674,0.043816295,-0.11111513,-0.45875347,5.815976e-05,-0.0031593277,0.0
0.019267805,0.047134712,0.12750994,-0.016704088,0.039904278,0.054996926,0.045003843,-0.040082105,0.006926922,0.0025485673,0.19614533,0.00080039626,0.022321736,0.028594563,0.011529996,-0.024074694,0.009104714,0.15506494,-0.6580027,0.18172398,-0.121191666,-0.0055622244,-0.025145056,0.009384506,0.3068972,-0.08819168,-0.040979885,0.43882358,-0.2627955,-0.029377019,-0.053915966,-0.06021268,0.00090192794,-0.254867,-1.1289157,-0.08274169,0.010356707,0.000102727914,-0.004359504,0.0
0.04985203,0.0022194013,0.037059534,0.014734632,-0.024992542,0.033152588,0.04266613,0.12339563,0.017477792,-0.059407167,0.24334379,0.0016669318,0.018725414,0.11094042,0.019777637,-0.36577082,0.20875482,0.14163327,-0.7069388,0.24149464,0.013459734,-0.02526831,-0.0025250064,0.014912746,-0.51875883,-0.09854868,-0.019850943,0.54985183,1.1833966,-0.020695906,-0.058925565,-0.0442865,-0.00055246893,-0.039663102,-1.1873683,-0.11892182,-0.009504818,0.00028338123,-0.0052885385,0.0
0.0035404693,0.020417893,0.025017349,0.009058421,0.009045009,-0.055584878,-0.06030523,-0.13030928,0.006296081,0.0032373155,-0.18655226,0.0010848716,-0.021289693,1.4960746,-0.05205171,0.05013635,-0.08802566,0.13277331,-0.5095278,0.046415463,-0.01565487,0.043236025,-0.19239345,-0.028544774,-0.042549808,-0.09482876,-0.23716483,-0.162203,-0.9005822,-0.15177014,0.36983484,0.0867758,0.0023739357,-0.07413362,-0.6654676,-0.12036976,0.01712595,0.00011443191,-0.00468605,0.0
0.039056957,0.0018253198,0.08972913,0.012684866,-0.10177097,0.069223195,0.018383646,0.09356491,0.012623159,0.0021821763,0.20832291,0.002783622,0.03269943,-0.028679775,0.025392117,0.15828064,0.047663223,-0.38118204,0.03380398,-0.2562103,-0.37577692,0.0023353337,-0.07324102,-0.021336962,-0.14641249,-0.10481087,-0.24432033,-0.22129643,-1.199835,-0.0045558284,-0.057078246,-0.019159984,0.0013494163,-0.077611916,-1.1758096,-0.08415864,0.010072106,0.00011443191,-0.0020783895,0.0
0.0072178957,0.010492277,-0.0012478114,0.010700524,0.041746747,-0.018725842,0.023866426,0.2976651,0.016897617,0.0015955346,0.24276274,0.0018866144,-0.2030076,1.1371471,-0.06748421,0.20058878,0.0074756285,-0.38155717,0.24666415,0.21430303,-0.3124365,-0.072719455,-0.09139237,0.00094241515,-0.04511884,-0.09575005,0.43141988,-0.18289919,0.32309112,-0.048208408,0.31689212,-0.047183912,0.0023188533,-0.07816609,-0.81276304,0.11570587,0.40583986,6.340944e-05,-0.003822316,0.0
0.014836359,0.005007221,0.089227304,0.011946465,0.034016326,-0.07285559,0.03507788,-0.083530866,0.012484553,0.0022593243,0.18818046,0.0018841219,0.0019716318,-0.3128365,0.014880914,0.037055034,-0.00043903227,0.16518265,0.056980796,-0.17881803,-0.23912129,0.00092470215,-0.12651454,-0.05819343,0.2370167,-0.104587585,0.00063051796,-0.41701287,-1.0663581,-0.055466734,-0.2708344,0.020743305,0.003504142,-0.23832774,0.04836894,0.20591168,-0.4439019,9.501921e-05,-0.003126015,0.0
0.02068334,-0.021148065,0.038677648,-0.02790257,0.046266355,0.08508867,0.028444247,0.18586849,0.019062638,0.0019132483,0.19030374,0.0012152854,0.013545049,-0.043624908,0.04461269,0.020122977,-0.022438675,0.1702749,-0.23542112,0.08628766,-0.25024214,-0.024859922,-0.21131225,-0.06810746,-0.11195621,-0.11112837,-0.37933612,-0.22412655,-1.2016605,-0.081582084,0.02451608,-0.025083043,-0.14746372,-0.080089726,-1.0979809,-0.032168765,-0.08516097,0.00025415904,-0.0034010396,0.0
0.017544517,0.14125766,-0.014884057,0.00023369514,0.048243053,0.053986248,0.02398084,-0.14010042,0.01569847,0.0016713038,-0.13450867,0.0008366979,0.026215792,-0.5412442,0.024668124,0.17550685,0.0012196081,-0.38691604,-0.4378837,0.09483642,-0.028950015,-0.01252921,-0.16262425,-0.0065817274,-0.20071502,-0.102310665,0.66507465,0.13596934,-1.0648903,-0.0749075,-0.24209818,-0.020723622,0.0025113898,-0.07010165,0.8449614,0.11008339,-0.37281185,0.00025415904,-0.0032699949,0.0
-0.18614876,-0.056348722,0.048606064,0.007896901,-0.038535684,-0.06319111,-0.11114649,-0.118278384,0.0071606697,0.0025038233,-0.14918752,0.00054629915,0.023182925,-0.6049688,0.024297547,0.17387295,0.06727509,-0.3786145,-0.40661395,-0.35868832,-0.40452772,-0.047405865,0.10985429,0.036904506,0.11546887,-0.09264483,-0.018446429,-0.22278214,-1.3911768,-0.02338937,-0.21579708,0.101299055,0.0031724772,-0.1126853,0.8719846,-0.05310553,-0.34222355,6.340944e-05,-0.0025542832,0.0
0.021063978,0.0084067155,-0.005020349,0.012828463,-0.1030278,0.061233297,0.029420622,0.23651917,0.020448709,0.0024974495,0.22242177,0.002186812,0.021954082,1.2732689,-0.032659717,0.0997389,-0.022135945,-0.24177742,0.53513634,0.08690689,-0.23545933,-0.026238425,-0.118482314,-0.053927187,-0.04534403,-0.098054454,0.024800386,0.09679609,-0.7214476,-0.04928983,0.4157755,0.04976107,0.0020066015,-0.0656514,-0.61253214,-0.06036293,0.4302783,0.00011443191,-0.0036563757,0.0
0.027554441,-0.049446043,-0.0043807514,0.011599999,-0.021616787,-0.07377365,0.043285336,-0.06925114,0.009528568,0.0026807273,0.18704434,0.002783622,0.01575795,-0.042285535,-0.09038236,-0.4639603,0.19967976,0.13358761,-0.63989496,-0.13643901,-0.3358939,0.04745631,-0.057765286,0.0050993194,-0.06445292,-0.10152856,-0.29919523,0.15812093,-1.2662519,-0.0010165498,0.012822223,-0.05482606,0.0035592408,-0.25787103,-0.97984684,-0.062228195,0.22690615,5.815976e-05,-0.004072552,0.0
0.05044662,0.061598636,-0.0098054325,-0.028479476,-0.01682971,-0.04933192,0.050240308,0.19338287,0.01776448,0.0023313938,0.14033614,0.0008418235,-0.03702048,-0.5259624,0.024872825,-0.3817028,0.1632373,0.10523634,-0.6205945,0.35766,0.018090801,0.018587044,-0.011944151,0.015627185,-0.5198872,-0.101407394,-0.3560273,-0.08592724,2.0892413,-0.009568652,-0.16114813,-0.03591603,0.00011444482,-0.049021445,1.0671808,-0.1470114,-0.31350672,0.00025415904,-0.005492768,0.0
0.029884508,-0.036286384,0.11061291,0.012851833,-0.13002741,-0.07089319,0.024129499,-0.10359852,0.0069934507,0.0030073167,0.20993938,0.002886978,0.0135743655,-0.30125353,0.023626957,0.18374315,0.015533714,-0.44480848,0.12803985,0.13119109,-0.37939444,-0.07205474,-0.19268756,0.055847686,0.259911,-0.10360797,-0.37378797,-0.24652512,-0.3300765,-0.06073144,-0.26275516,0.015158136,0.0031876566,-0.070805885,0.09227737,-0.08231433,-0.49779132,0.00011443191,-0.0074892584,0.0
-0.0005121891,-0.0016009784,-0.11805903,0.0075655207,0.026493637,0.04958879,0.041683998,-0.13672917,-0.002404875,0.001557073,-0.14794356,0.001442737,0.016835364,-0.23692311,0.025967011,0.17963473,0.064367585,-0.34692165,0.53441143,0.10507494,-0.3796256,0.016346663,-0.24185658,-0.0043878686,0.16949,-0.1316627,0.40863416,-0.29613993,-1.3047323,-0.060266685,-0.24594763,0.00882661,0.0030119314,-0.16388911,0.07494283,0.20918813,-0.3805926,5.815976e-05,-0.0028412186,0.0
0.013997822,-0.02829771,-0.010451624,0.0079363,0.03898642,0.060878824,0.04778453,0.20736732,0.013532085,0.0024615764,-0.19789311,0.00088767224,0.0347372,1.4754075,-0.041839596,0.069719255,-0.05289615,0.13051954,0.22291276,-0.28177953,-0.02429732,-0.0027274585,-0.06507038,-0.013843713,0.19079176,-0.08878689,-0.008877104,0.32901,-0.9352541,-0.025387647,0.35276225,-0.12135827,0.0009944012,-0.07418598,-0.6442023,-0.07938146,0.25018165,0.00014365409,-0.0029522919,0.0
0.021843031,-0.02937106,-0.008529312,0.0075652935,-0.1724195,0.048786186,0.016315257,-0.13362032,0.0079217395,0.0023706648,-0.16848159,0.0012769615,-0.12962669,-0.21921183,0.022927102,0.0976673,-0.010140174,-0.2376626,0.602495,-0.18652922,-0.33048883,0.04873996,0.16453367,0.07333131,0.124924295,-0.0975892,0.29711267,0.15052421,-0.43482226,0.75180125,-0.2085453,-0.044350207,0.0006523532,-0.089511685,0.45051867,0.3380155,-0.05019668,0.00011443191,-0.0022526085,0.0
0.021403892,-0.11372574,0.07634923,0.010140599,0.024257634,-0.05379561,0.057249248,-0.07992638,-0.00092084846,0.0016931276,0.2192875,0.002783622,-0.03597271,-0.0133782,0.027012846,0.1399984,-0.022328384,-0.28502613,0.032179106,-0.4038896,-0.31052867,0.0038736095,-0.054475375,-0.02553567,0.3126984,-0.09847197,-0.047905587,-0.64113635,-1.0848972,-0.026920794,-0.15022139,-0.047390442,0.0036034305,-0.07338541,-1.1617197,-0.11289839,0.0035744545,0.00011443191,-0.0024669953,0.0
0.034591414,0.06542851,-0.119442806,-0.003664867,-0.020047301,0.054388147,0.01810631,-0.11472925,0.0075013274,0.0027110602,-0.17522794,-0.00041065452,0.032571398,0.06148627,0.0094948,0.1652446,0.01927024,-0.37633765,0.4765825,0.18168561,-0.10130043,0.036637377,0.08850102,0.04829578,0.13655148,-0.10511508,-0.34942788,0.33673477,1.2053092,-0.0005690807,-0.048954204,-0.050529044,0.0004010175,-0.18507251,-1.0535755,-0.07630089,0.007883338,0.000102727914,-0.004642275,0.0
-0.19894356,-0.03278404,-0.124886855,0.007575927,-0.14097732,-0.05872208,-0.06910045,-0.11679599,0.016626585,0.0020612464,0.13217556,0.0010663173,0.059930436,-0.1752268,0.019335728,-0.027179277,-0.0056311656,0.084922425,0.46977508,0.011347992,-0.3060387,-0.08618827,0.16475031,0.058267888,1.0362322,0.46805072,-0.09870221,-0.21264206,1.6879025,0.5496806,-0.1947701,0.1336464,0.00024172227,-0.12525131,0.48653853,0.12776546,0.0004900941,4.1155567e-05,0.08498385,0.0
0.030375253,-0.14854695,-0.17345203,0.007028533,-0.17016707,0.04866694,0.03594415,-0.043967832,0.00962657,0.0023787268,-0.19645372,0.0011076536,0.015947873,-0.21501411,0.024993371,0.03542184,-0.042542566,0.13059011,0.1868482,-0.13378623,-0.11598499,0.013750074,0.16135891,-0.04258873,-0.0075410656,-0.10352327,0.67430156,0.14979821,0.2870729,-0.03974206,-0.2134017,-0.06780483,0.0017443722,-0.035872217,0.057072114,0.18638998,-0.18189575,0.00011443191,-0.0033606763,0.0
0.029923737,0.029710004,-0.010197781,-0.02132062,0.02479137,-0.049790107,0.033796705,0.09890801,0.018819371,0.0018707598,0.12285545,-0.005694542,0.03502108,-0.017165141,0.022665547,-0.032199346,0.012427972,0.16096175,-0.618732,-0.2574157,-0.34884354,0.059901036,-0.055124145,-0.025518682,-0.41519043,-0.10599565,-0.5613987,-0.66890436,-1.1798314,-0.01254413,-0.09103879,0.01229228,0.0018814392,-0.07169891,-1.093924,-0.14631775,-0.018981962,0.00025415904,-0.0049303444,0.0
0.03792453,-0.034349814,-0.12861107,0.009585853,-0.044962984,0.03924984,0.05578009,0.2538887,0.02002819,0.0027331042,0.2503192,0.0027697354,0.06348413,-0.33790335,0.025556184,-0.17340551,0.036006384,0.12528884,0.17744525,-0.1709385,-0.15391248,-0.09688078,-0.057282228,0.04088698,0.25045946,-0.10019387,-0.05325591,0.9572745,-1.3134627,-0.02602746,-0.061610267,-0.06287796,0.00035468803,-0.07186434,0.22938162,-0.10274092,-0.05940713,0.00014365409,-0.003956966,0.0
-0.023017906,0.023175446,0.015205478,0.008186427,0.00059919944,-0.01985743,-0.0021529202,-0.071318604,0.010547481,0.002848844,-0.14992253,0.00046094647,-0.23592898,1.5088968,-0.032974496,0.17956091,0.042845346,-0.3685765,-0.2593509,-0.056950714,3.040012,-0.017646572,-0.039333243,-0.052737143,-0.4205098,-0.054543562,-0.26866272,0.024999686,-0.81824064,0.021249868,0.5091582,0.053163856,0.0021060957,-0.044578608,-0.55098534,0.2657967,0.53593045,0.00011443191,-0.0029680938,0.0
0.02387723,-0.007659317,-0.00745338,-0.006312597,-0.021112233,0.027036607,0.0485135,0.123302184,0.016277075,0.0017254595,-0.11583701,0.00016673461,-0.19792785,-0.3761441,-0.010200103,0.10444316,-0.022424882,-0.24418916,-0.5941345,-0.15788458,-0.41426253,0.0028078873,-0.07081885,-0.05798951,-0.16005425,-0.112512074,-0.5284521,-0.7180673,-1.2237607,-0.079481184,-0.043091834,-0.054353207,0.0024235842,-0.08416151,0.17135276,-0.13116905,-0.012001064,0.00025415904,-0.0026496314,0.0
0.02605985,0.043535825,-0.003421772,-0.006628919,-0.008346259,-0.044731773,-0.14572197,-0.10041734,0.00783246,0.003061296,-0.09876747,0.0008802519,0.020180352,-0.3528135,-0.00928816,0.17071147,0.014492435,-0.39947855,-0.5925258,-0.01899275,-0.17995182,0.03775198,-0.114950426,-0.042500205,-0.09206545,-0.104308814,-0.31633016,0.4290102,-1.1407472,-0.08522123,-0.055916123,0.062120985,0.0032735525,-0.16637823,0.11440277,-0.10038638,-0.18373652,0.000102727914,-0.0048799943,0.0
0.048386946,-0.0030470334,0.08822447,0.010243634,-0.0204792,-0.055868722,-0.032567147,-0.06803792,0.0062428447,0.0025078873,0.21595204,0.0012350709,0.014215601,0.046186052,0.020004036,-0.3874686,0.19762881,0.1442178,-0.60419065,-0.38228709,0.0634458,-0.044174574,-0.03914295,-0.06758792,0.24205439,0.5796766,-0.84574103,-0.60948616,-1.1911203,-0.03204843,-0.1890543,0.037247747,0.001949963,-0.07877128,-1.0955437,-0.22582069,-0.28254944,0.00011443191,-0.010168515,0.0
0.011075966,0.008669155,-0.02712517,0.012330295,-0.0015521256,-0.04379292,0.040620185,0.23898622,0.01870987,0.002431946,0.17766209,0.0012735155,0.035764053,1.3481815,-0.038194027,0.031565014,-0.053156253,0.12548555,-0.56622684,-0.12075199,-0.1004019,-0.010949397,0.05276497,-0.010677544,-0.08296487,-0.06802711,-0.3194727,-0.7299234,-0.2980708,-0.036959328,0.3692769,-0.063503526,-9.34003e-06,-0.054590378,-0.6050499,-0.18174116,0.422806,0.00011443191,-0.006046537,0.0
-0.08823263,0.042803142,0.025035065,-0.019194094,-0.005029658,-0.06817743,-0.073158756,0.18826497,-0.05503843,0.0025148778,0.28920588,0.0006806612,0.010929631,-0.22696643,-0.012091614,0.19534196,0.061134607,-0.3319408,0.8313091,-0.081029095,-0.07797606,0.016760314,-0.04468279,-0.016073866,0.45188466,0.63224614,0.20311259,0.14721042,-1.2608111,-0.036207847,-0.02926763,0.0774362,0.0021488352,-0.07068381,0.5808615,-0.113848016,0.014009212,-0.024804017,-0.0053348937,0.0
0.012440834,0.015566282,0.013219402,0.008269089,0.02661027,-0.06758307,0.049058527,0.10796129,0.015722765,0.0016783872,-0.20553827,-0.00038457732,0.025887663,1.5165036,-0.046904616,-0.058955345,0.009073034,0.12007369,0.095842555,-0.30880615,-0.34753242,-0.043302283,0.048294596,0.03494298,-0.27159128,-0.08907695,0.17999732,-0.19285755,-0.90265065,0.018432187,0.44036016,-0.05512467,0.004022024,-0.057765316,-0.6112073,0.0060078166,0.33768135,0.00011443191,-0.0020367007,0.0
0.03593472,-0.016377592,0.01841242,0.008256895,-0.0047956994,-0.04270095,-0.11827944,-0.023279892,-0.031732645,-0.05018509,-0.20335104,-0.00018325943,0.01633311,-0.27478075,0.025586499,0.189518,0.07768514,-0.37433687,-0.3048796,-0.16049896,0.044916987,-0.0069240727,0.17155106,0.049182046,-0.34032658,-0.100279056,0.35334292,0.09133952,0.32204854,-0.04658233,-0.051715024,0.08322782,0.002930319,-0.03871422,0.08923813,-0.08231954,-0.16639556,0.00011443191,-0.004786076,0.0
-0.0757026,0.022572054,-0.012548177,0.00925653,-0.007778646,0.02611339,0.02186741,-0.11853191,0.0069341157,0.0016943731,0.26894736,0.0018727279,-0.14110914,-0.51605964,0.02295142,0.16992949,0.011030412,-0.40934503,0.009753463,0.2693745,-0.121756,0.01827874,-0.15238135,-0.010352688,0.45012876,-0.10660718,0.40877923,-0.22629447,0.4376215,-0.032898683,-0.13136111,-0.02685484,0.0017782366,-0.05185431,1.0010713,-0.0338077,-0.21571057,0.00025415904,-0.004475133,0.0
0.013469284,0.03582715,0.011138886,-0.028419256,-0.010500396,0.076925024,0.032286208,0.116871454,0.01899823,0.0027471795,0.18602994,0.0013785744,0.030330395,1.3555614,-0.06323315,-0.06807674,0.014241216,0.17272824,0.49207547,-0.039807223,0.017299542,0.040884055,-0.12344065,-0.011889823,0.16794764,-0.10595909,-0.34779683,0.17773964,-0.9157461,-0.055769484,0.39057457,-0.03326225,0.0020369473,-0.08295955,-0.6614601,-0.17779966,0.1508694,0.00025415904,-0.007155477,0.0
0.037538476,-0.11622788,0.020035898,0.007972257,0.005399179,0.05688878,0.034278106,0.09782736,0.01904289,0.001860311,-0.22746536,0.0014844821,0.027253134,-0.01650365,-0.0553972,-0.21568574,0.03485036,0.0928467,0.16236646,-0.054001834,-0.032484163,-0.0008778279,-0.05660751,0.010452052,-0.12691997,-0.11044185,0.23955889,-0.26312974,-0.95890725,-0.08120637,0.38646695,-0.04019733,0.0019982725,-0.05735231,-0.9115576,-0.10187206,0.08202328,0.00011443191,-0.0036309087,0.0
0.030905996,0.022086062,0.018489746,-0.004589185,0.03396205,-0.059997126,0.031088226,0.20586082,-0.17429459,0.0017930878,-0.1036598,0.0003163354,0.020935599,-0.026798801,0.03812199,0.16392921,0.05049217,-0.33477736,-0.3129586,-0.31891003,-0.09043502,0.04579269,-0.06945009,-0.03547555,-0.3124271,-0.10517619,-0.30755636,-0.10018253,-1.0048968,-0.07117198,0.030127855,0.02805397,0.0025280719,-0.11633398,-1.1002169,-0.11249475,-0.14512518,9.501921e-05,-0.0029859913,0.0
-0.109292336,0.032445103,-0.017340124,-0.0048972326,0.07754214,-0.03039957,0.025506571,0.15695652,0.02071819,0.0013161842,-0.10677411,0.00032221578,0.02958847,0.03233236,0.023371177,0.17438264,0.049223717,-0.34358713,-0.520217,0.23245743,0.011954329,0.0010041089,-0.09228814,-0.061321057,-0.4387422,-0.11407802,-0.4725113,0.1536227,0.32022724,-0.054943282,0.046783604,-0.04592044,0.002034678,-0.1557604,-1.1322709,-0.17793974,-0.04520567,9.501921e-05,-0.0058617876,0.0
0.026063336,0.038541287,-0.00033722862,-0.007196438,0.0024924045,0.027534546,0.036222875,-0.049896415,0.0075847413,0.0027780575,-0.16209769,0.00029649292,-0.09701387,-0.30719405,0.026148789,0.032257743,-0.062638335,0.15428369,-0.55414677,0.18172652,-0.15825793,0.0911344,-0.11677922,-0.040309105,-0.4410024,-0.10131391,-0.00095605635,-0.43071914,-0.29933167,-0.049903642,-0.07767868,-0.031156162,0.0012757395,-0.052219193,0.10945085,-0.071209766,-0.21707763,0.00025415904,-0.0039936565,0.0
-0.2717459,-0.06451798,0.08146106,0.012605936,-0.048738018,0.039944403,0.032478753,0.32199,0.018815473,0.0029719595,0.22580044,0.0028826767,-0.15351847,0.05638654,0.029436503,-0.041034687,0.016583964,0.1662541,0.6584458,-0.06768173,0.06429211,-0.0063782632,-0.064200126,-0.0018906194,0.23285437,-0.11538305,-0.37709832,0.8548684,-1.2403574,-0.06617973,0.23442994,-0.03537362,-7.291376e-05,-0.086136006,-0.92195064,-0.22701043,-0.10305552,0.00014365409,-0.0059778956,0.0
0.04023864,0.0115857795,-0.07141468,0.013592402,-0.011568042,-0.049296238,-0.14352651,-0.07649716,0.022109907,0.0027481045,0.21890439,0.00092537806,0.034456402,1.4220008,-0.042917192,-0.08416745,0.006400446,0.14346705,-0.33772954,-0.23798276,-0.41203162,0.10296998,0.061574668,0.006401557,-0.27040625,-0.074237816,-0.34843436,1.1521083,-0.8816944,-0.0063604587,0.38447827,0.09834189,0.0018722699,-0.07146247,-0.6997529,-0.06854345,0.27438313,0.00028338123,-0.0048094816,0.0
0.024914404,0.010515058,-0.0033658238,0.014881959,-0.16136774,0.07840346,0.037132908,-0.030096104,-0.04893706,0.002839514,0.19977891,0.0017668793,0.00069869636,-0.24671617,0.016453091,0.013802525,-0.041890796,0.17830737,0.75595266,-0.15076032,-0.31439722,0.02824675,-0.081394255,0.0049076295,0.033008862,-0.11514675,0.011468855,0.19085808,-1.1527536,-0.04168626,-0.21826464,-0.0006732528,0.0029228602,-0.06514511,0.61027825,-0.060651705,-0.3557624,0.00011443191,-0.0036559892,0.0
0.0476591,0.010893855,0.0037672985,0.0074633863,0.019809589,0.06253217,0.024640692,0.1160266,0.016245967,0.002872714,-0.16457655,0.0004500042,-0.01899265,-0.23931621,0.022616906,0.19814229,0.08286042,-0.37710562,0.67106646,-0.20381725,0.08595505,0.033281546,0.16387458,0.050496727,0.24173467,-0.10994837,0.421786,0.14755665,-1.0053793,-0.008498037,-0.19660217,0.0277837,0.002611701,-0.06315944,0.31848952,-0.054101292,-0.16768882,0.00025415904,-0.0029357807,0.0
0.024732677,-0.0045661135,-0.12900037,0.0073432345,0.020016374,-0.058809843,0.027542578,-0.14054798,0.012985388,0.0032162545,-0.14061123,0.0013148517,-0.031797446,-0.15898484,0.02987349,0.052917134,0.06284063,-0.2474034,0.47192198,0.23536451,0.064826965,-0.0003537653,0.19437039,0.030232688,-0.071170986,-0.09493735,0.24889046,0.029861147,2.4972136,-0.0021203677,-0.15473495,-0.04714792,0.0018156043,-0.13540298,0.32165608,-0.0651336,-0.19999884,5.815976e-05,-0.004993155,0.0
0.018181967,0.001461017,-0.13750553,0.0046570795,0.041931853,-0.03960217,0.034037985,0.09271193,-0.10817182,0.0017153615,-0.14506727,0.0004995771,0.014846404,0.055766948,0.022468947,-0.1575555,0.026101317,0.09175976,-0.57922065,0.08938164,-0.24525334,0.060852464,-0.1742745,-0.021565279,-0.30072287,-0.1145518,0.57945687,-0.07718282,-1.3067442,-0.06661935,-0.12539546,-0.05067235,0.0023183767,-0.06280225,-1.1301092,0.45167634,-0.1174988,0.00011443191,-0.0023078637,0.0
0.032484047,0.0027955666,-0.11619965,0.0074741733,-0.17052487,0.040994227,0.021210514,-0.15018198,0.005755207,0.0023772859,-0.20449412,0.0004206861,0.022599021,0.11278562,0.009210111,0.02765757,-0.055686805,0.13582078,-0.6652251,0.202391,-0.31275403,-0.102214165,0.025745893,0.014361544,-0.43064126,-0.095524125,-0.1490802,0.63270944,1.1271403,0.013644679,-0.06966315,-0.048193242,-0.0011756117,-0.065894336,-1.2476239,-0.033876188,0.036807686,0.00028338123,-0.0038184205,0.0
-0.010084239,-0.022067254,-0.014365137,-0.021807058,-0.027294144,-0.0410946,-0.030816805,0.25218487,0.013715619,0.0019416455,0.1762973,0.00028433077,-0.2301052,1.46998,-0.03336195,0.09164879,-0.03093185,-0.2615546,-0.20441851,-0.32534572,-0.40807787,0.10511037,0.059958074,0.015937759,-0.34417614,-0.08291171,-0.8494168,-0.16845314,-0.9748758,0.029436205,0.47192448,0.057819963,0.0021040095,-0.084226824,-0.5745246,-0.11402411,0.50956136,0.00025415904,-0.007986805,0.0
0.045147676,0.011396195,0.013192618,0.0074649844,-0.018575726,-0.06566211,0.02396081,-0.12719211,0.006186021,0.0027951791,-0.16857634,0.00033910095,0.029467953,-0.1577983,0.024042286,-0.5045711,0.18857326,0.12102398,0.09434251,0.23417567,-0.09049005,-0.004217856,0.10709086,0.0051052785,-0.258428,-0.090538196,0.3726668,0.3178838,2.2591443,0.039642405,-0.21672839,-0.034398545,0.002450432,-0.049495734,0.088102065,0.119559415,-0.30352628,0.00014365409,-0.0048494358,0.0
0.033717487,0.02748351,-0.05887723,-0.029279279,0.053278126,-0.03861717,-0.17435858,-0.05278263,0.0062156133,0.0012206913,0.114345595,0.00064759864,0.04495878,1.47923,-0.04596126,0.17489386,0.05800384,-0.34991246,-0.56996685,0.070831254,-0.44897446,0.0020406577,-0.15835729,-0.06765879,-0.40303725,-0.08928263,-0.26017278,0.23002285,-0.83726823,-0.085758746,0.4277583,0.07642324,0.002346709,-0.07573428,-0.7123268,0.0349717,-0.03888397,0.00028338123,-0.0030742148,0.0
-0.008576814,-0.0014906498,0.04485499,0.00843479,-0.00026644114,0.05748019,-0.22441489,-0.12952738,0.0042087054,0.003178472,-0.19951746,0.00089197373,-0.030597111,0.0076022623,-0.102689855,-0.4704106,0.20361301,0.1417347,0.5863948,-0.019640554,-0.33370477,-0.018344736,-0.09751273,-0.049049012,0.14330032,-0.118178286,-0.33390433,0.39540493,-1.2283306,-0.0001135028,-0.013595965,0.0776997,0.0023381894,-0.08367463,-0.9846339,-0.07542299,0.05292496,0.00014365409,-0.003222457,0.0
-0.04323592,0.027473351,-0.008314346,-0.01583568,-0.012989126,-0.08137149,-0.13616632,-0.083839156,0.005375784,0.0022692732,0.12302968,-8.2273385e-05,0.029618293,-0.36459216,0.025534395,0.18666132,0.059422188,-0.434762,0.25845444,-0.30919898,-0.41247293,0.010286299,0.09808856,0.067726396,0.07579264,-0.101446845,-0.34590662,0.2713092,-1.2447673,-0.021938067,-0.24578631,0.10027327,0.0039847135,-0.10188943,0.13876626,-0.09869685,-0.085994996,6.286741e-05,-0.0044859964,0.0
0.02865165,0.0040016943,-0.015608041,0.015225898,-0.16837311,-0.0920192,-0.031862374,0.1059305,0.016175848,0.0029074498,0.22109447,0.0011178283,-0.0021735707,-0.011648343,0.023741176,-0.05165701,0.008902094,0.17751071,0.011817075,0.10164054,-0.3631382,0.0057798694,-0.17173852,-0.06790508,-0.08540483,-0.12210856,-0.981472,-0.04980557,-1.1623268,-0.07897528,-0.15761462,0.01721887,0.0024623177,-0.092567824,-1.1294903,-0.24023591,-0.30072275,0.00011443191,-0.009617027,0.0
0.036382858,0.008141457,0.027977869,0.010110718,-0.13723852,-0.102237664,0.047277525,-0.12521558,0.008510255,0.0015963879,0.21430275,-0.015969714,0.005057841,0.10793091,-0.094303325,-0.01722809,0.0057779136,0.1377343,0.71782887,0.11450083,-0.34504816,0.018801156,-0.19248395,-0.03517071,0.07068563,-0.119964056,0.32207385,-0.11265457,-1.2180976,-0.04252904,0.019304518,-0.057429533,0.0038385543,-0.2659568,-0.77479297,0.14308609,0.0014642437,9.501921e-05,-0.00394494,0.0
-0.11619689,0.01842301,0.009473989,-0.002070716,0.001417787,0.05190894,-0.17471595,-0.05991254,0.003817128,0.0022477559,-0.21840762,0.0008802519,0.02468588,0.011935838,-0.105824076,-0.034812525,0.006594254,0.14350504,0.49317637,-0.008453007,-0.087485194,0.033420607,-0.15407242,-0.10597842,0.24827574,-0.12190554,-0.033639222,-0.081705354,-1.2746185,-0.10997684,0.0054404535,0.103375904,0.0015646863,-0.07890991,-1.0627865,-0.1027154,-0.048739046,0.00025415904,-0.004254427,0.0
-0.037699997,-0.06090767,-0.08241554,0.007833548,0.002436833,-0.037454523,-0.14235044,-0.06718012,-0.038658008,0.0026515322,-0.15642172,0.00061962235,0.02421344,0.057151288,-0.093041494,-0.21181455,0.03261873,0.081491865,-0.55252635,0.098928764,-0.03301146,0.046004616,-0.13334922,-0.0104243485,-0.2403463,-0.10496895,0.39176106,0.21267423,-0.42036486,-0.09919665,0.0109900795,0.15924403,0.0021319478,-0.03766594,-1.0836183,-0.055969156,-0.07084216,0.00011443191,-0.0038867835,0.0
0.01677661,0.00022313566,-0.010769988,0.011129625,0.04727894,0.061089654,0.03325951,-0.05249676,0.0057282588,0.0013344351,0.26861367,-0.013104722,0.026680801,-0.2697866,-0.07339492,0.049594544,-0.01911977,0.19798987,0.11687538,0.22460277,-0.37661105,-0.1005043,0.15383711,0.051652204,0.02964641,-0.084648594,-0.039640665,-0.22687413,1.7457473,-0.01237471,-0.023923017,-0.07903566,0.0018209412,-0.051372457,0.27682704,0.057903536,0.2734651,0.00011443191,-0.0030203778,0.0
0.047605038,-0.0005373573,0.020749379,0.008492633,0.04095304,0.052570168,0.050288003,0.13295928,0.021516789,0.0021036798,-0.11804658,0.0014705956,0.020364583,-0.3449312,0.021527642,0.10155862,-0.02974842,-0.27449337,-0.3019684,-0.12115401,0.028617946,-0.00912247,-0.113189444,0.0005777459,0.22596668,-0.10828594,-0.42819485,0.053574856,-1.2453965,-0.057693962,-0.260007,-0.031735644,0.0034582342,-0.13583012,0.06916566,-0.21512064,-0.4521729,5.815976e-05,-0.00692495,0.0
-0.0561906,0.007595226,0.089953944,0.016225781,-0.0918216,0.05037894,0.037405435,-0.04653858,0.011562852,0.0021936996,0.18826135,0.0022858668,0.01049121,0.0010329215,0.02261898,-0.23191398,0.05132219,0.13747239,-0.6279528,0.13269469,-0.19904108,0.015347237,-0.15477777,-0.017439786,0.18205479,-0.10654406,-0.45474994,0.31212768,-1.2834275,-0.040191233,-0.15496148,0.006007146,0.0019991435,-0.0762016,-1.1862935,-0.10020169,-0.23781143,0.00014365409,-0.00684275,0.0
0.027583722,0.012101027,-0.08196387,0.007754094,0.02624775,0.02384453,-0.117874086,0.20239249,0.018341359,0.002101118,-0.111065745,0.0002576554,0.032562334,1.6619905,-0.031894375,0.14885873,0.044069674,-0.30064884,-0.45307943,-0.27829155,1.2801064,0.0149948755,-0.05518498,-0.00072001864,-0.029321902,-0.07223558,-0.44329295,-0.2052334,-0.5474613,-0.047474038,0.47099218,0.091033414,0.0016048732,-0.077989176,-0.50317097,-0.08325783,0.52532005,0.00025415904,-0.0033297483,0.0
-0.089137286,0.12172861,0.028753623,0.0041489666,0.045757137,0.02059301,-0.15414698,0.24192335,0.02373918,-0.023113078,-0.1454297,0.00028417548,-0.12896718,-0.2912805,0.01939117,0.0633057,0.074508406,-0.23010197,0.025216065,-0.22297324,-0.10962248,-0.001598479,-0.08518842,-0.024407947,-0.41964713,-0.12122118,0.707583,-0.26774433,-1.2854221,-0.09682546,-0.03665166,0.09698713,0.0013576216,-0.06665038,0.08370988,0.2612974,-0.1641066,0.00025415904,-0.0022865715,0.0
0.015817903,0.037954435,-0.08868643,-0.0070620426,-0.008630126,0.03947326,-0.13323475,0.12524447,0.011265279,0.0025973858,0.09195857,-0.008447705,0.01374955,-0.052659098,-0.07816218,0.1640518,0.04034542,-0.32600763,-0.6309702,-0.28434643,-0.35411784,-0.007085003,-0.08791725,-0.050868794,0.25783643,-0.10594585,-0.4175482,-0.5926829,-1.2458482,0.0043677045,0.033799674,0.08370203,0.0021694754,-0.13082366,-0.95505726,-0.12178132,0.2278627,9.501921e-05,-0.006018439,0.0
0.04083324,-0.0008912023,0.023456516,0.0070750383,0.00193923,-0.053805836,-0.06244905,-0.09253397,0.0042148847,0.001970393,-0.17374007,0.00041480572,0.038053084,-0.6037408,0.02624039,0.18225935,0.0852669,-0.34782502,0.062660955,0.18551567,0.042194154,-0.029798327,0.09137352,-0.011079534,-0.2691923,-0.093590975,0.3035256,-0.257591,-0.49718076,-0.040004548,-0.22463167,0.05296014,0.0034399803,-0.06624173,0.85078067,-0.0913908,-0.40063474,0.00011443191,-0.0032187533,0.0
0.040207192,-0.05896267,-0.0016915321,0.009030877,0.021738177,-0.057863135,0.0476982,-0.116673656,0.013356083,0.002392156,0.17001064,0.0023592622,-0.008712468,-0.52718484,0.01940603,0.004286276,0.017842343,0.14355882,-0.7118181,-0.14189689,-0.36386627,-0.002289366,-0.110359795,-0.032566585,-0.10698754,-0.09969982,0.5756072,-0.607246,-1.2419505,-0.10506366,-0.24436331,0.087770954,0.0023543176,-0.08611077,0.80421376,0.32953042,-0.43487966,0.00011443191,-0.003288583,0.0
0.021648059,-0.07233514,0.02133243,0.006694346,0.015307996,0.06484443,0.050487377,-0.12950382,0.006229919,0.0018571822,-0.1721523,0.00084162585,0.012746058,-0.19748253,0.017910784,-0.19400826,0.0653968,0.11574688,0.69890267,-0.080578886,0.10356024,0.009741935,-0.081061,-0.0018402037,0.3000725,-0.11985198,1.0390869,0.5760298,-1.3251693,-0.06572402,-0.18225123,0.00884763,0.0026094036,-0.08383668,0.20348522,0.22122535,-0.26586303,0.00014365409,-0.0033899203,0.0
0.036199495,-0.057543535,0.020592127,0.007381756,0.036747858,-0.046354152,0.037915427,-0.059234682,0.0070604235,0.00015553302,-0.16360793,0.001442737,0.0210471,-0.5575602,0.029291544,0.16894212,0.01431981,-0.3600486,0.17044123,0.24845858,-0.049797766,0.035872176,0.015935373,0.04095904,-0.20174648,-0.10498718,0.4840137,-0.38751566,0.38485926,-0.055386934,-0.22853386,-0.050151154,0.002218837,-0.05435632,0.97166735,0.030870495,-0.2634971,0.00011443191,-0.0046714754,0.0
-0.081793495,-0.056205828,0.027299918,0.0024176664,-0.1789419,-0.03922848,-0.17811443,-0.16834651,0.004560622,-0.04699025,-0.147324,0.0007286846,-0.01173037,-0.57103914,0.017942892,0.120125666,-0.024275122,-0.24463582,0.19221371,-0.25334394,-0.3827132,-0.002748551,-0.090671204,-0.07053167,0.07813019,-0.10593472,0.2666167,0.40403992,-1.1395023,-0.052166246,-0.23543909,0.036249984,0.0032716221,-0.107712165,0.91921765,0.24531046,-0.45225355,0.00014365409,-0.0025028996,0.0
0.032001916,0.014117577,0.08604875,0.01108767,-0.035480212,-0.03575513,0.050143294,-0.1000892,-0.0385972,-0.04585352,0.2001661,0.0017668793,-0.14050283,-0.2504404,0.022668004,0.108603135,-0.037352733,-0.27285168,-0.6759233,-0.12791099,-0.36162543,0.031096585,-0.031189471,-0.0109063145,0.52949274,0.57265246,0.22778773,-0.211241,-1.3057507,-0.034141675,-0.22540252,0.011151524,0.0029375602,-0.05838435,0.06290697,-0.002880242,-0.39565063,0.00025415904,-0.0032333173,0.0
-0.03854193,-0.0912559,0.0048588435,0.008490046,0.04811687,-0.042016685,0.011913797,-0.11294478,0.008427061,0.0020684805,-0.11618457,0.00027276686,0.09532217,-0.3337489,0.022859668,0.16625737,0.061790444,-0.39781982,-0.56747633,0.11446981,-0.43486306,0.020052653,-0.09076241,-0.02230974,-0.29607478,-0.10692393,-0.7240377,-0.24949735,-1.1567206,0.04167682,-0.27264005,-0.04125407,0.0034607525,-0.165947,0.054254364,-0.09608047,-0.2954517,5.815976e-05,-0.0056557376,0.0
0.036334205,0.020017704,0.05985515,0.008353915,0.049242362,-0.058720276,-0.040198036,-0.0813419,0.0063827243,0.0021103495,-0.17818278,0.0010595911,0.024336101,0.0003176229,0.017062493,0.08755056,0.071607135,-0.2822111,0.115089945,-0.25977367,-0.18882558,-0.057572186,-0.068088904,-0.0011919932,-0.19508608,-0.106075875,-0.103076555,0.3182292,-1.1252078,-0.069448814,-0.14627329,0.042353418,0.003460397,-0.10676531,-1.183467,-0.1101948,-0.19135456,0.00011503401,-0.0029532665,0.0
0.029951347,0.020553902,0.033636745,0.0072658374,-0.02955598,-0.04328507,0.025434777,-0.055790544,0.0013646178,0.0022045518,-0.17940891,0.00062240055,-0.11662308,-0.50500774,0.026849933,-0.024833458,0.017749883,0.1746594,-0.24108231,0.20184742,-0.42996028,-0.04444228,-0.06623658,-0.0018494187,-0.08174345,-0.09879989,0.42722467,-0.056162715,1.2253846,-0.018613413,-0.20723103,-0.0018593182,0.0018497081,-0.050725937,1.0011158,0.30425084,-0.269798,0.00011443191,-0.0037323227,0.0
-0.116672814,0.026395235,0.007961229,0.008480659,0.039109822,-0.065731615,-0.18407413,-0.1097176,0.007375579,0.0020453408,-0.16286385,0.0006039565,0.010676297,-0.31462288,0.026453348,0.02456559,-0.0249249,0.16265431,0.18472955,0.09374325,-0.38907123,0.015553918,-0.22235419,-0.048336226,-0.28816617,-0.11016811,-0.07503354,-0.31661418,-1.2432599,-0.06924451,-0.23183876,0.052052323,0.0045520407,-0.2123983,0.029501775,-0.05993473,-0.4148976,5.815976e-05,-0.003141175,0.0
0.021592777,0.009190546,-0.0038780516,0.011350927,-0.0004512039,-0.07807137,0.050693423,-0.10390302,0.0069390205,0.0017840758,0.2449793,-0.02291315,-0.03523675,0.074688435,-0.08677708,-0.4611217,0.19191927,0.15378486,0.5569876,0.19107462,-0.02701229,-6.4251886e-05,-0.16778766,-0.0028742636,-0.10421695,-0.114066035,0.30204916,0.16427894,-0.58257335,-0.08922003,-0.005176432,-0.051308256,0.004133145,-0.05113132,-1.0256364,-0.07086043,-0.09694846,0.00011443191,-0.0040618232,0.0
0.03783547,-0.06346001,0.008418175,0.0055579385,0.034511283,-0.08888642,0.013328449,0.18310171,0.011303892,0.0011281287,-0.09709202,0.001487248,0.012227304,-0.43942732,0.021572793,-0.4724711,0.16772279,0.060921304,0.9077054,-0.32529107,-0.31509554,0.034540724,-0.06694563,0.01885732,0.35094595,-0.116918474,0.42830575,0.42640433,-1.1945791,-0.06845618,-0.19638397,-0.031147957,0.0034667018,-0.1324566,1.3778542,0.3004404,-0.09370321,6.586846e-05,-0.0031738544,0.0
0.03182397,0.020104134,0.06484382,0.007587999,-0.0077805426,0.034235675,-0.08014305,0.2578559,0.015782006,0.0014010079,-0.23231885,-0.0005978673,0.022007369,0.0598282,0.016758949,-0.20467868,0.03455483,0.08142138,0.20304145,-0.3500009,-0.15000664,-0.050553948,0.10167839,-0.0011757755,-0.27861387,-0.11272461,0.2864904,-0.7292636,0.31295884,0.031297788,-0.058561787,0.08590142,-0.00051663816,-0.05176563,-1.0569658,0.084083095,0.21145895,0.00011443191,-0.002777666,0.0
-0.003754437,0.0425215,-0.13876778,-0.01147786,0.044384122,-0.10700414,0.02178886,0.32601565,0.019,0.0026446297,0.15906222,0.00075434987,-0.019134408,-0.46258518,0.022528073,0.043113817,-0.040845267,0.07500544,0.877651,-0.34688514,-0.0935305,-0.018288989,0.010058064,-0.026607867,0.13982041,-0.10860873,0.39266697,0.38985285,-1.1785464,-0.0070256772,0.11704966,-0.0632812,0.00017631677,-0.0792866,1.2789613,0.14949185,-0.032010976,0.00028338123,-0.0029244418,0.0
0.048716377,0.014318197,0.027088113,0.008680735,-0.020421142,-0.043571956,0.057324935,-0.09508227,-0.0011099596,0.0024607142,-0.1302169,0.00050706853,0.01414722,-0.33641115,0.027369684,0.17714368,0.057381358,-0.38386455,-0.56523573,-0.059548337,-0.15354098,-0.012800495,-0.088322826,-0.017350605,-0.44134948,-0.10136448,-0.3411157,-0.26726088,-1.2114649,-0.06559353,-0.26484218,-0.020229124,0.0035387105,-0.06856813,0.04214249,-0.09387631,-0.46059844,0.00011443191,-0.0038338592,0.0
-0.068317614,0.0043363473,0.08785188,0.008882436,0.044962294,0.05156073,0.031745102,0.097832896,0.0064042117,0.002583618,0.16497089,-0.021165889,0.026021484,1.4776096,-0.04074002,0.05152331,-0.042606667,0.16873527,-0.6655515,-0.14867336,-0.36497045,-0.015311669,-0.030564873,-0.03637827,0.21986005,-0.07901075,-0.27129915,0.16824947,-0.96054155,-0.03606276,0.39859542,-0.045094464,0.0028901587,-0.0882181,-0.5772754,-0.07591841,0.38020307,0.00011443191,-0.0038832468,0.0
0.018353676,-0.025495037,0.09154791,0.009276426,0.0028826562,-0.08237054,-0.07902399,-0.12185219,0.005518332,0.0025086678,0.21016464,0.002202989,0.015419888,0.02669657,0.020642474,0.020647932,-0.028769381,0.21150522,0.25076962,-0.13626096,-0.3985077,-0.12171461,-0.0067328135,0.0196462,0.19574292,0.491785,-0.653159,0.085534856,-1.2485255,-0.011102657,-0.21885668,0.081268646,0.0024751232,-0.106745936,-1.1602461,-0.11765108,-0.13764538,6.340944e-05,0.13479853,0.0
0.04729909,0.016897168,-0.008219264,0.007829372,0.02372989,-0.07612631,0.022041176,0.18230751,0.018874887,0.0021489724,-0.1500258,0.00033910095,0.011680842,-0.16741227,0.021921871,0.16126825,0.059508346,-0.35392404,0.6919269,-0.37206766,-0.022101235,-0.01306209,0.1158892,0.03763294,0.033906735,-0.116131805,0.4095775,0.88263804,-1.2617029,0.052248828,-0.028961109,-0.025318904,0.0044989055,-0.07851552,0.9283665,-0.04841453,-0.023510119,0.00014365409,-0.002850493,0.0
0.027134264,0.03995503,0.013839616,-0.018392904,-0.00277171,0.047056433,-0.16467802,0.18205366,0.016484141,0.0031192459,0.15705355,0.00038456143,0.010774783,-0.027886886,0.025049983,0.048218388,-0.06976612,0.16045453,-0.258231,-0.35882318,-0.21535532,-0.01735926,-0.08250483,-0.019771105,-0.36355856,-0.115283884,-0.86612767,-0.15818445,-1.0854437,-0.063850686,0.06074505,0.022020636,0.00086148066,-0.08346352,-1.0070314,-0.23670745,0.03453651,0.00025415904,-0.009154528,0.0
0.024882985,-0.14216897,0.0009106089,0.008339112,-0.042684246,0.04285111,0.011126137,0.13564174,-0.0053475425,0.0027637258,0.18441884,0.0010524308,0.022616118,-0.491018,0.020681895,0.16328168,0.021952586,-0.3452473,0.6055836,-0.13395467,-0.12439117,0.0151058845,0.06326408,-0.011688238,0.5120374,0.54858655,0.44245008,-0.44111207,0.44785565,0.020016167,-0.19728301,0.04520193,0.00028891553,-0.05821685,1.026102,0.051408514,-0.22678192,0.00011443191,0.09548404,0.0
-0.086975016,0.09834137,-0.1236993,-0.011750572,0.009140596,0.055350892,0.026525838,-0.1354257,-0.07088752,0.0016514852,0.17245576,0.0012152854,-0.0019084794,-0.50882137,0.023848148,-0.037249584,0.020800805,0.13836695,-0.47347856,0.10739708,-0.38700327,-0.01590734,-0.23710062,-0.030328995,-0.12358972,-0.1028715,0.55604535,0.8745151,-1.3881215,-0.084726006,-0.23598021,-0.029088382,0.0012092899,-0.17043029,0.84506834,0.20921876,-0.35589367,0.000102727914,-0.0041589485,0.0
0.014921135,-0.024050375,0.0063678697,0.011671826,0.043604217,0.07179623,0.026919723,0.10850469,0.012305847,-0.040129915,0.1816899,0.0027697354,0.01264671,-0.34656549,0.023082519,-0.22279927,0.03296508,0.14644937,0.41397092,-0.42504573,-0.1905033,-0.008414789,0.025987115,0.007649596,-0.034302402,-0.107835665,-0.34518883,-0.26840308,-1.2955008,0.022215365,-0.2712032,-0.021259556,0.0033414564,-0.069095284,0.1582245,-0.12133686,-0.22333905,0.00011443191,-0.0039913743,0.0
0.046526328,0.07644074,0.012501578,-0.006576501,-0.1293811,0.058402475,0.02447268,-0.114661776,-0.0478525,0.0011225853,0.16516101,-0.0004884857,0.005290695,-0.5603128,0.02227383,0.015859008,-0.07087864,0.13919826,0.17055099,-0.40570775,-0.3424887,-0.013585946,0.10266216,-0.022556147,-0.34045526,-0.10841205,0.30825323,-0.6954429,-1.2442771,-0.04578051,-0.2136995,-0.03922795,0.0013129126,-0.19056149,0.86615556,0.20893593,-0.2512265,9.501921e-05,-0.0029888628,0.0
0.02140156,-0.06133491,0.054987423,0.0118656745,0.066594645,0.038876303,0.032442052,0.15838522,-0.0021225386,0.0016491748,0.1456187,0.0012647416,0.025442423,1.3907764,-0.031978805,-0.16685036,0.035573058,0.113995135,-0.5396971,0.051413488,-0.22294275,-0.031852987,-0.16287696,-0.0050292052,-0.3360869,-0.09487539,-0.4459645,-0.027829638,-0.86566883,-0.0606036,0.44775394,0.061442506,0.00169511,-0.065931015,-0.5210865,-0.10170541,0.3033873,0.00011443191,-0.0049589504,0.0
-0.052856326,-0.06708054,0.009740781,0.016667046,0.056574877,0.043596067,-0.06599933,0.085865766,0.014828568,0.0016831269,0.15893607,0.0012878282,0.009850317,-0.030181928,-0.06543623,-0.16064136,0.0365933,0.15111315,-0.60772735,-0.112999424,-0.35068366,-0.0015484933,-0.07957015,0.0018453535,-0.4193455,-0.115419574,-0.7887867,-0.04372008,-1.1914824,-0.04520351,0.049569085,-0.017176798,0.0023417706,-0.074280806,-0.972608,-0.20756936,0.05251954,0.00011443191,-0.008604564,0.0
-0.011475094,-0.13606876,-0.11656068,0.010337211,-0.006167784,-0.071676284,0.016790953,-0.1627013,0.005417268,0.0035445539,0.1772008,0.0006928827,-0.13479488,0.20107059,0.023452155,-0.023868907,0.019417284,0.20238954,0.73780113,-0.29912123,0.027337635,0.0006765698,0.09453596,-0.011700935,0.044688042,-0.110446244,-0.6705299,0.7265276,-1.1771468,-0.04702549,-0.18404055,-0.0354951,0.0027899174,-0.05810805,-0.6516683,-0.23863333,-0.23413436,0.00014365409,-0.005831055,0.0
-0.2368412,-0.081145026,0.0036596716,0.010916656,0.035003774,-0.054639585,0.026396645,-0.07185361,0.0084246,0.0019622813,0.2602526,0.0020042465,0.027669156,-0.27461442,0.02509885,0.16801979,0.025328966,-0.42562023,0.23390555,-0.039997533,-0.10953446,0.06634419,-0.06254101,-0.013248507,-0.2749567,-0.108851075,0.3576275,-0.09255594,0.026055316,-0.06250397,-0.042998306,-0.035197496,0.0040123817,-0.042489745,0.10762091,-0.027256973,-0.22136442,0.00011443191,-0.0039516794,0.0
0.019524636,-0.01863772,0.097113304,0.00765518,-0.0012045966,0.050312147,0.025855595,-0.13074876,0.0012857032,0.003959832,-0.24151556,0.00035298744,-0.102801725,0.12337657,0.028990021,-0.1936395,0.041188188,0.10866772,0.15061057,0.17733097,-0.12344555,-0.018954389,0.15032466,0.016863752,-0.18082199,-0.09333047,0.31985345,0.34421578,2.1899896,-0.042745054,-0.122728564,-0.025883578,-0.00041272302,-0.056174885,-1.201767,0.059498794,-0.04285868,0.00014365409,-0.004657544,0.0
0.051868528,0.021322867,0.007315141,0.012057681,-0.20632997,-0.049941998,-0.17194133,-0.034245647,0.0063553588,0.0026113242,0.15663953,0.0018841219,-0.0946121,-0.31390557,0.022384344,-0.42534718,0.19028613,0.13902342,-0.6686244,-0.3590704,-0.37940395,0.044215865,-0.063569225,0.0014792465,-0.1533109,-0.10273101,0.1136242,-0.065400116,-1.2651442,0.02883886,-0.25194028,0.10040999,0.002729689,-0.066787794,0.061601266,-0.03161076,-0.19403996,0.00011443191,-0.0036817414,0.0
0.024682157,0.050738264,0.10184271,-0.004914599,-0.018330721,0.04038268,0.017536705,-0.06588173,-0.063579045,0.0032175942,-0.15091199,0.00026991378,-0.055462383,-0.35971007,0.022606753,-0.42488456,0.18083805,0.116344154,-0.62326044,0.122154035,-0.22880542,-0.008064608,-0.08708629,-0.020060344,-0.110239044,-0.106174186,-0.21005227,-0.20154841,-0.93773276,0.00062020356,-0.25220242,0.0351329,0.0029589424,-0.20983025,0.09606897,0.102172695,-0.13311759,9.501921e-05,-0.002926589,0.0
-0.07256865,-0.10031524,0.079977676,0.01510578,0.024800183,0.06220237,0.032361962,-0.1289262,0.012054307,0.0029485913,0.22539108,0.002886978,0.0329312,-0.32063216,0.021699721,0.16644594,0.015422081,-0.47179592,0.55806243,-0.0811473,-0.35811156,-0.06716904,-0.1048361,-0.0063370583,-0.090507425,-0.123124935,-0.32809985,-0.2603751,-1.2914959,-0.06587259,-0.27350253,0.039921947,0.002618925,-0.21067427,0.13084848,-0.089966126,-0.5122017,5.815976e-05,-0.004123726,0.0
0.021744411,0.004105655,-0.015081725,0.007787768,0.054339662,-0.070324585,0.023849139,-0.049400266,-0.053015817,0.0022945073,-0.22306079,0.0007747311,0.020349013,0.013873675,0.026135668,0.053797167,-0.0731632,0.18359199,0.1212288,0.1097937,-0.34182197,0.012145148,-0.13751142,-0.10016652,0.15545677,-0.098435424,-0.32289806,0.40486902,-0.28443277,-0.022176594,-0.12767106,0.0227208,0.0026191818,-0.05916123,-1.2446163,-0.07698805,-0.04152112,0.00014365409,-0.0042842943,0.0
-0.09873681,0.013238662,0.040908422,0.008253978,0.0015653626,0.049526636,-0.19216292,0.15165454,0.010470381,-0.053109802,-0.2009828,0.0013715408,0.029023524,-0.0026290552,-0.09030531,0.08376957,-0.049161073,0.15309726,0.4418523,-0.3299895,-0.18218769,-0.004313334,-0.04173212,0.06886308,0.06395339,-0.103377044,-0.06293958,0.3962971,-1.0902642,-0.051501993,0.011222089,0.085496746,0.001910435,-0.08166425,-1.038117,-0.119973496,0.09918051,0.00014365409,-0.00338766,0.0
0.039045535,0.017751245,-0.012060296,0.00045324842,0.0029391926,-0.056113802,0.021396292,-0.07660218,0.008880872,0.0023697186,-0.17416446,0.00038715644,0.030118473,0.14144512,0.021546401,-0.41961518,0.1897418,0.106935844,0.78593194,0.10925459,-0.17809854,0.05088539,-0.06885003,-0.009167053,0.38670716,0.5350948,0.12445947,0.38148138,-0.67024726,-0.04482778,-0.11059934,-0.028186547,0.0031761443,-0.054067,-0.9278546,-0.05159779,-0.18072887,0.00028338123,-0.0049347547,0.0
0.042024788,0.029548692,0.051357374,-0.024788225,0.02436422,-0.055224694,0.031165423,-0.10301067,0.0117503,0.0025955632,0.21775575,0.0013646879,0.0205052,0.035456404,-0.097981945,0.1268228,-0.027478142,-0.26352084,-0.61972713,-0.17170869,-0.068289116,-0.030251905,-0.06937177,-0.01887645,0.10481796,-0.103032775,-0.3830677,0.6830687,-1.2226295,-0.067766346,0.00054698926,-0.022635235,0.0033017306,-0.19751272,-1.2057546,-0.10029782,-0.078936346,0.000102727914,-0.0039088763,0.0
-0.08970515,0.00057365384,0.0697396,0.0074233254,-0.01597181,-0.045647122,-0.038429424,0.33775508,0.012176977,0.0027126549,-0.12887487,-0.00019877199,0.01718565,-0.35374123,0.0274156,0.11084414,-0.01596563,-0.2215899,-0.59795743,-0.16439441,-0.10717056,-0.029472854,-0.07084532,-0.012713189,0.28707358,-0.10851612,-0.8373973,0.39309928,-1.1295382,-0.054784104,-0.04011835,0.015162323,0.0006409744,-0.10419743,0.16033174,-0.264567,-0.091393225,0.000102727914,-0.010311043,0.0
0.029820472,-0.047668517,0.03331825,0.001686764,-0.038992714,-0.061030217,0.0342379,-0.104965806,-0.0106100235,0.0018682452,-0.1968109,0.0007286846,0.027391918,-0.53989464,0.024448996,0.051475264,-0.0391773,0.13306865,0.51353836,-0.07470559,-0.35967082,0.0084214015,-0.12028559,-0.0723909,0.3519968,-0.12383374,0.2581885,-0.7903177,-1.2617393,-0.06781874,-0.20468912,-0.01128588,0.002628683,-0.08167789,0.8037614,0.10782256,-0.39247313,0.00011443191,-0.0027820833,0.0
0.048335653,0.007908122,-0.0025991818,0.007518756,0.042568408,-0.021013524,0.0028056856,-0.06101966,-0.012102757,0.0015633967,-0.12265977,0.0005659897,0.020690558,0.04915769,0.021944458,0.09962542,-0.007334846,-0.20744638,-0.52471894,-0.30835822,2.96298,-0.04476073,0.003324647,-0.029208701,-0.40910777,-0.08398481,0.1775285,-0.3842795,-0.74319786,-0.0051725376,-0.14629523,-0.074962705,0.0022801114,-0.1394535,-1.1191334,0.4898355,0.079047285,5.815976e-05,-0.0014454587,0.0
0.02669745,0.0024035135,0.10340971,0.011096214,0.022682128,0.055270728,-0.066819645,-0.09049904,0.004992627,0.0026600494,0.22430311,0.0027375754,0.027302783,-0.28882715,0.024802439,0.17913564,0.06727971,-0.42220554,-0.2950925,-0.056245714,-0.18789542,0.004796482,-0.10159002,-0.0009798898,0.36716098,-0.10236917,0.32903817,-0.45369193,-1.3473582,-0.057138875,-0.22171365,0.062290486,0.0023498873,-0.06905791,0.056976974,-0.011708159,-0.39911127,0.00011443191,-0.003178907,0.0
-0.051173944,-0.012032412,-0.13265426,-0.0153878685,0.057394348,0.03669542,0.04503117,-0.107384354,0.0053435527,0.0027415832,0.15717201,-0.0002754071,0.046905786,0.078009814,0.027267851,0.1748914,0.055605225,-0.33519605,-0.58304614,-0.027951077,-0.08285887,0.009761516,0.13190569,0.021221355,-0.30586296,-0.09445697,-0.35709757,0.17174935,2.0162756,0.004659452,-0.14554816,-0.079422176,0.0009836503,-0.044260304,-1.1864786,-0.1016724,-0.02306384,0.00025415904,-0.005582691,0.0
0.062108763,0.002259731,0.023056015,0.008388136,0.012336645,-0.01095999,0.008081348,0.24673688,0.015792578,0.0031004255,-0.14578146,0.00061630754,0.010835982,-0.52376044,0.023408288,0.16895108,0.05259858,-0.2922365,-0.39938354,-0.08249625,2.951427,0.04325445,-0.06572369,-0.048866913,-0.33402857,-0.078227974,0.3151036,-0.52185196,-1.072028,-0.014504602,-0.17024043,-0.044999145,1.6682869e-05,-0.054842863,0.8261752,0.4091129,-0.14009659,0.00011443191,-0.0013080726,0.0
-0.10219278,0.00680034,-0.0617816,0.008235464,-0.0020885582,0.028449913,-0.15185086,-0.044102915,0.0063423575,0.0020872452,-0.16590013,0.0005518909,0.026135277,0.022624832,0.022552254,-0.19912867,0.04111387,0.08580337,-0.6119789,-0.19895276,0.02382871,-0.004038741,-0.069359906,0.025176125,-0.31425944,-0.10823902,0.26102042,0.16290037,-1.2341063,-0.061474968,-0.15332444,0.10369629,0.0011407696,-0.06630938,-1.152394,-0.090258025,-0.12159269,0.00025415904,-0.0038398458,0.0
-0.0016843404,0.13011369,-0.012610605,0.0021153006,0.03552765,-0.029443251,0.022844806,-2.4752371e-05,-0.028646544,0.0020358306,-0.1270424,0.0002526458,-0.09358922,-0.52781117,0.031997036,-0.041695032,0.036882494,0.13550012,-0.34118602,0.13476573,-0.42690694,0.0025318745,-0.2143004,-0.028987223,-0.3533718,-0.105119586,1.196179,-0.6017063,-1.2516502,-0.06662677,-0.20973136,-0.014084091,0.0013068758,-0.073915474,0.8151447,0.44593838,-0.25441736,0.00025415904,-0.002761714,0.0
0.043780614,0.0022162492,0.020516677,0.008240816,0.033908278,-0.03963144,-0.11210691,-0.08999907,0.0031402716,0.0025839936,-0.17597243,0.00035298744,0.03184585,0.0059570433,0.009950487,0.16679426,0.010128002,-0.3785317,-0.27097386,-0.16841711,-0.4408608,-0.023654614,0.16160409,0.062847055,0.081355326,-0.09252456,-0.23659241,-0.54970944,0.27659974,0.0177731,-0.06353242,0.16617827,0.0013462598,-0.05231287,-1.0784066,-0.0032804988,0.35073563,0.00011443191,-0.0037337998,0.0
0.013081393,0.0011734925,0.05831304,-0.005270145,-0.015806371,-0.033580113,-0.13908401,0.2314304,0.01225133,0.0021517784,-0.15623409,0.0003159602,-0.20019987,0.014784912,0.045531113,0.11025055,-0.03895347,-0.22128472,0.1283116,-0.033287548,-0.043750495,-0.010227547,-0.03646685,0.04358816,-0.1698676,-0.09575469,-0.0989649,0.16245607,-0.68595135,-0.059906766,0.027338607,0.096614346,0.0031085797,-0.18871514,-1.1612563,-0.11822007,-0.010047705,9.501921e-05,-0.0041746357,0.0
0.007976148,0.024411865,-0.011353642,-0.037353177,-0.21027943,0.04776868,0.040044963,-0.087547,-0.019892719,0.002318554,0.12364755,0.0005874957,0.030521289,-0.33733097,0.030222824,-0.2156642,0.044328876,0.114466995,-0.6761737,-0.23071685,-0.3826764,-0.032531153,-0.084405966,-0.0024499581,-0.36978087,-0.10656217,-0.36002788,-0.33827543,-1.108616,-0.06437525,-0.269181,0.054997653,0.0017301968,-0.07198493,0.05064739,-0.10860604,-0.45923033,0.00025415904,-0.0045287274,0.0
0.019838903,0.0070942654,0.084697664,0.008008711,-0.04188852,0.028851695,0.024585003,0.185342,0.01653148,0.0024747897,-0.16128153,-0.00038457732,0.013238118,0.06147189,0.049921695,0.043284602,0.06740196,-0.21298626,-0.6035417,0.17948206,-0.16791087,-0.044109687,0.105522,-0.02278816,-0.5042367,-0.10808467,0.16076924,-0.25464037,0.08537682,0.042101085,0.017474506,0.054922964,-0.00033845688,-0.22294685,-1.0518886,-0.0043561687,0.050022997,5.815976e-05,-0.003380253,0.0
0.040610127,-0.06417604,-0.013661318,0.0037181121,0.02900918,0.02316056,0.024591936,-0.049874958,0.010407143,0.0021687322,-0.17201231,0.0013254944,-0.20222819,-0.22634853,0.02508676,0.18201214,-0.009581786,-0.3766968,0.19539852,-0.024545228,0.042715702,0.07246314,0.05484887,-0.029500268,0.25368416,-0.11271649,0.8332178,-0.73706895,0.33516127,-0.055036314,-0.1993012,-0.043476686,0.00261955,-0.14618266,0.04178808,0.059185866,-0.29812035,4.1155567e-05,-0.0036220285,0.0
0.041314,0.011458193,0.05562609,-0.005846974,-0.13588731,-0.061039146,0.039663885,0.31299993,0.01814745,0.002057189,-0.18056238,0.00073084934,0.012810605,0.052533288,0.047561917,0.04852785,0.07046249,-0.19668956,0.57117385,-0.15057708,-0.07416868,0.024125842,-0.058125596,-0.014979041,0.015253306,-0.1307521,0.27777535,-0.25624213,-1.1261351,-0.0541719,0.06462467,-0.02917117,0.00044872917,-0.087852195,-0.89676553,-0.047560416,-0.036937162,0.00025415904,-0.0036973294,0.0
0.016783256,0.06283888,-0.067076154,-0.0043188077,0.00952591,0.035944723,-0.10515599,0.18846284,-0.14393997,0.0017539538,-0.10667914,0.00022995299,0.035020005,0.09545566,0.017480133,0.106494725,-0.027249835,-0.16206719,-0.542819,0.31607193,0.008427749,-0.021216104,0.090459935,0.020324076,-0.39276326,-0.10189192,0.38259146,-0.28073728,2.3140917,-0.055085417,0.07998596,0.10842409,0.0004024243,-0.14183937,-1.0743815,-0.030728789,0.060459014,9.501921e-05,-0.004866633,0.0
-0.102625206,-0.059503067,0.032399748,0.008622209,0.028686212,0.04922938,-0.041875683,-0.15033068,0.0052614347,0.0024012187,-0.19216353,0.0008598138,0.022035412,0.10378056,0.020663751,0.106157064,-0.032941256,-0.28264612,0.74079734,0.10189827,-0.47687578,0.037943453,-0.15083611,-0.052038662,0.18881905,-0.113082014,-0.35761523,0.6501838,-1.2305092,0.07166829,-0.1407913,0.03410853,0.0016376666,-0.08562784,-1.0110241,-0.04144898,-0.018200485,0.00014365409,-0.0041940366,0.0
0.04720841,0.023387507,0.0077652056,-0.0018429649,0.03488734,0.06402106,0.05483829,-0.12357966,0.0013085782,0.0021104612,0.21073842,0.0007865098,0.015566609,0.035368465,0.022176193,0.013071414,-0.031705428,0.18713129,0.035166487,-0.4649368,0.046918985,-0.0022649525,0.03278157,-0.003608314,0.31611872,0.47626203,-0.10163948,-0.034343883,-1.2784915,-0.025320744,-0.18323995,-0.036195032,0.0012983539,-0.058893535,-1.1853096,-0.13159665,-0.20986071,0.00025415904,0.066109344,0.0
-0.10179937,-0.0032382705,-0.124544635,0.0031087515,-0.001339603,0.027397014,0.030721158,-0.029433979,-0.005761332,0.00053960434,-0.12381107,0.0005023797,0.08573152,-0.56290567,0.022349643,0.026812693,-0.05943615,0.09783233,-0.67238396,-0.0831747,-0.17577875,-0.018184597,-0.094132215,-0.053061895,-0.29641291,-0.1036481,0.2874964,-0.5358247,-1.3459171,-0.13017291,-0.23927765,-0.05033263,0.0004121899,-0.17241912,0.79998857,0.1208097,-0.34647253,5.815976e-05,-0.0026132425,0.0
0.0315432,0.051685773,-0.12328493,-0.0039405148,-0.01533932,0.04261252,-0.049181037,-0.12022803,0.007074296,0.0032435118,-0.1391546,0.00028380027,0.026862469,-0.35125312,-0.008166568,0.050208222,-0.042357013,0.10103374,-0.63051486,-0.19005868,-0.36277282,-0.015887098,0.039292358,0.044046305,-0.1600088,-0.10066278,0.045455735,-0.6689648,-1.2093197,-0.0050926106,-0.07529733,0.04710205,0.0025570686,-0.18241224,0.1388448,0.010611355,0.00261781,9.501921e-05,-0.0032509603,0.0
0.0056238836,0.013289318,0.023326764,0.007503491,-0.0021364726,-0.06904552,0.035353098,-0.043444347,0.013724596,0.0024302069,-0.1479339,0.0010388251,0.10381187,-0.29840285,0.025445422,-0.4334798,0.19768149,0.114020385,-0.32824886,-0.2636092,-0.1965673,0.046774413,-0.06694983,-0.044967733,-0.19389436,-0.11321827,0.42928174,-0.21855502,-1.293535,-0.06740897,-0.06875199,-0.033050824,0.003909124,-0.0665454,0.077907525,0.16014054,-0.3275951,0.00025415904,-0.003792739,0.0
-0.040441163,-0.018857105,-0.0052143126,0.015140915,-0.014248044,-0.04537144,-0.08117193,0.2764636,0.016732097,0.0032675685,0.15039283,0.0022675933,0.01087954,0.01671793,-0.036730018,0.16962573,0.04343711,-0.32539827,-0.6804266,-0.06996968,-0.17522582,-0.012347318,-0.09981699,-0.08204243,-0.020886978,-0.09911703,0.17749552,0.5649803,-1.236503,-0.10679298,0.30621666,0.059715435,0.002285556,-0.21338215,-0.9274589,-0.06180156,-0.0021695886,6.586846e-05,-0.003810536,0.0
0.03419117,0.016019974,0.013967739,0.007257238,-0.0038097699,0.044195063,0.026324626,0.10352062,0.01274184,0.0017579664,-0.19641286,0.00033910095,0.0126641635,-0.26468062,0.021921866,0.10122376,-0.01698026,-0.24169281,0.22385354,-0.13456877,-0.38120076,-0.0664829,0.09067184,0.008559974,0.20253071,-0.10088143,0.50463754,-0.28320327,-0.37616992,-0.0029390722,-0.24087301,-0.04986316,0.0022021898,-0.10580468,0.08496565,0.17912483,-0.068557195,6.340944e-05,-0.002599617,0.0
0.03851783,0.017786218,0.018486217,0.008062655,-0.0284633,-0.06198763,0.034633175,-0.13960202,0.008975318,0.0031785758,-0.15881611,0.00049280684,0.04030067,-0.020840479,-0.0026470667,0.12072396,-0.0215184,-0.24451752,0.1507101,-0.33286333,-0.015454496,0.0171246,-0.052421797,-0.0017242075,0.098400705,-0.11283956,-0.30643532,-0.22976021,-1.1305181,-0.036892645,-0.071869195,0.038848933,0.002673654,-0.08036484,-1.138757,-0.13405977,-0.09217348,0.00025415904,-0.0032186904,0.0
0.03904451,-0.124553524,0.08983117,0.0098101925,0.018444398,0.063717775,0.024177846,-0.029253362,-0.046771403,0.002312159,0.2196912,0.0022858668,0.033247903,-0.6266685,0.027369102,-0.0007875896,0.023894593,0.19415113,0.021539375,0.09554381,-0.10493069,-0.012289857,-0.22046806,-0.09383093,0.0035085035,-0.114402354,-0.59432167,-0.69127476,-1.2321672,-0.13963631,-0.25114772,-0.03709201,0.0020282438,-0.067404866,0.81489813,-0.22283533,-0.45093194,0.00011443191,-0.0055186306,0.0
0.030420132,0.00890513,0.08622218,0.008644031,0.039134957,0.06576385,0.032139078,-0.035182483,-0.06035293,0.0021127877,-0.19713144,0.00049259415,0.018339582,-0.016510507,0.010849502,0.020125728,0.008864269,0.18164884,-0.2837438,-0.18392965,-0.43116462,-0.004973529,-0.073402986,-0.043009885,-0.2313206,-0.09586382,-0.31358948,0.32799995,-1.0192615,-0.036374085,-0.039838295,0.027060095,0.0017011351,-0.07375246,-1.156863,-0.0701093,-0.0010702169,0.00014365409,-0.002995414,0.0
-0.39548355,0.0098497,-0.11107732,0.007557582,-0.0007715833,0.039153386,-0.120419756,0.109686285,0.012282895,0.0028913026,-0.17395027,0.0013393809,0.030186113,-0.34653643,0.014672437,-0.01046423,5.4942022e-05,0.11667013,-0.24076064,-0.22203864,2.6488407,-0.020776419,-0.087690905,-0.014662371,0.03789176,-0.08267918,-0.3445512,0.13190229,-1.0388182,-0.012174515,-0.048437066,0.10060261,0.002755411,-0.062596284,0.17249946,0.117267445,-0.02689089,0.00011443191,-0.0028080177,0.0
0.017352007,-0.0037660233,-0.09070234,0.007334657,0.0032426252,0.01698329,-0.109744675,0.20898113,-0.070700996,0.0025981395,-0.12845775,0.0007073717,0.018417893,-0.29580277,0.020766798,0.14920124,0.013601897,-0.2834623,-0.5254709,-0.06453646,2.947533,-0.029035749,-0.11110012,-0.010959443,-0.20607038,-0.08373318,0.20989968,-0.6705002,-0.9688181,-0.03672154,-0.023106987,0.20596625,0.00025547226,-0.04648741,0.1352883,0.44268492,0.06890529,0.00011443191,-0.0016205263,0.0
-0.027447348,0.0018593359,-0.08524484,0.011643598,0.031862568,-0.03571283,-0.07066381,0.0818258,0.01637665,0.0019331658,0.13024433,0.0007482434,0.017784882,-0.3073878,0.021924857,0.06137819,0.075667515,-0.26715302,-0.5621696,0.17467599,2.9764986,0.032655172,-0.14301024,-0.09045577,0.056199465,-0.0910557,-0.80788004,-0.73178524,-0.92557037,-0.08856079,-0.30900383,0.057342608,0.0027621961,-0.060786877,0.047422297,-0.18175438,-0.38049915,0.00025415904,-0.0045773378,0.0
0.031625845,0.016432913,0.012214217,0.007928325,0.07583831,0.038009644,0.0066440213,0.20856003,-0.092158444,0.0018501371,-0.16226122,0.00038852615,0.018822504,-0.36892912,0.024779879,0.020717235,-0.037324835,0.12200123,-0.36777046,-0.11447772,-0.2498991,-0.009340333,-0.061784368,0.002860086,-0.29774028,-0.10119448,-0.06512512,-0.36789274,-1.168355,-0.013507536,-0.07636683,-0.072408356,0.0001523404,-0.21091105,0.1564899,0.2352463,0.019840213,5.815976e-05,-0.0023728656,0.0
0.030606778,0.02348147,0.012705427,0.016628975,0.050504822,-0.0582342,-0.17912461,-0.035391256,0.0076227966,0.0017245801,0.22351639,0.001804017,0.022926107,1.5459071,-0.04003324,0.037867572,-0.00915123,0.15341265,-0.26627854,-0.06821774,0.010519476,-0.011541395,-0.11176241,-0.06961204,-0.3344008,-0.08141579,-0.021313388,-0.2581713,-0.91441125,-0.15097538,0.414668,0.054540787,0.0029947762,-0.054870516,-0.6042994,-0.106645614,0.07061024,0.00011443191,-0.0032503847,0.0
0.03328298,-0.13515718,0.06911392,0.01197625,-0.04561956,-0.039501127,-0.029840682,-0.12949441,0.017904436,0.0035771353,0.12985204,0.0027375754,0.018705346,-0.22920045,0.01786495,0.07191484,-0.045385722,-0.25976065,0.1095776,0.10316696,2.3618722,0.016328925,-0.087897636,0.008434181,0.3435616,0.32134706,-0.43406394,1.843741,-0.8623347,0.00882225,-0.26964405,0.060463537,0.0035028057,-0.2330138,0.119073205,0.08097393,-0.31748134,6.586846e-05,0.054923173,0.0
0.05267262,0.067702636,0.025235236,-0.0050495835,0.037271228,0.03493006,-0.18704696,-0.10867514,-0.041524027,0.0025274602,-0.18358,0.00076300924,0.027506828,0.015108757,-0.10329509,0.13424698,-0.031355903,-0.22602682,0.12986343,-0.14986438,0.0031821448,0.021780014,-0.107517175,-0.08095442,0.13471948,-0.121,0.44588584,-0.2369894,-1.104541,-0.13134232,0.01580378,0.04887534,0.0024062018,-0.07582885,-1.044165,-0.07714058,-0.19620971,0.00025415904,-0.002332826,0.0
-0.02933669,0.0136643145,-0.03137037,0.014055873,0.03930172,-0.055352356,0.028122745,0.0720897,0.019401947,0.0010699251,0.17920515,0.0018129635,0.029771538,1.4342833,-0.046271283,0.06780337,0.113071464,-0.28062904,-0.48647752,0.07740593,-0.029265242,-0.0062006945,-0.16496278,-0.06969446,-0.10350283,-0.0985273,-0.56692594,-0.6776334,-0.9003538,-0.15879285,0.41221547,-0.027555928,-0.19149953,-0.070890754,-0.62439626,-0.19802524,-0.01189827,0.00025415904,-0.005465589,0.0
0.01380273,0.008083418,0.023980496,0.009153855,-0.008905058,-0.057961576,-0.10640746,-0.047605544,0.00791234,0.0027122747,0.14587174,0.0022168756,0.020737506,-0.031155089,0.013623956,0.08102968,-0.061416212,0.16560175,-0.5965952,-0.378866,-0.35932294,-0.014133711,-0.038000926,0.007173132,0.029268496,-0.104388505,-0.5444978,-0.21517855,-1.1623125,0.016392602,-0.075680785,0.050312843,0.002431832,-0.19554932,-1.0802109,-0.13602136,0.053569343,5.815976e-05,-0.003951159,0.0
0.04046334,0.010737296,-0.002228517,0.015311878,7.630326e-05,-0.052257333,0.02098779,-0.016485512,-0.03033346,0.0021463549,0.14935149,0.0018231164,0.03953609,-0.34519464,0.027547402,0.179115,0.06445397,-0.39896026,-0.61800766,-0.13751906,-0.3971455,-0.03444444,0.025171667,0.029558463,-0.27011666,-0.09535298,-0.32687268,-0.24341713,-1.2143182,0.020510064,-0.26740077,-0.034003783,0.0020167339,-0.06003384,0.07940221,-0.087909974,-0.2663238,0.00011443191,-0.0027794389,0.0
-0.004133857,-0.108657934,0.008608004,0.00866669,-0.023607956,0.02372757,0.05070356,-0.15635605,0.009833939,0.0024766196,-0.131426,0.0006098368,-0.2363012,1.499875,-0.03976421,0.16749686,0.037321705,-0.38199025,-0.50863606,-0.22677359,-0.13315341,0.02242752,-0.061625585,-0.038297437,-0.41501027,-0.094849505,-0.38602135,-0.6088557,-0.8938361,-0.051063772,0.14643675,-0.07188039,0.0008557355,-0.16112635,-0.6181568,-0.16932265,0.04725872,5.815976e-05,-0.0031054935,0.0
0.01861387,-0.0024936127,0.012631291,0.010233717,0.033448026,-0.08072522,0.021803357,0.14787535,0.020197775,0.0028728312,0.13049068,0.0007067692,0.027930332,0.9427447,-0.047267783,0.032950867,-0.045328293,0.15672855,0.47038794,-0.01936952,-0.07017062,-0.037122037,0.10117455,0.04071812,0.02712528,-0.078806356,-0.56623214,0.18611461,1.772049,0.013112453,0.30757058,0.048772443,0.0025696936,-0.18212576,-0.77058166,-0.1602053,0.41300002,5.815976e-05,-0.0068786126,0.0
0.0069297715,0.058584344,-0.0077205393,-0.015687237,0.021637607,0.0613526,-0.088405825,-0.14339079,-0.05648242,0.002399914,0.13290691,0.0008583869,0.00045655598,1.2954993,-0.029769871,0.07194934,0.08908212,-0.31210145,0.58343315,-0.18892564,-0.14797202,-0.027025646,-0.047484778,-0.054646928,-0.075146094,-0.11603598,-0.8769303,0.3439278,-0.6745351,-0.1009586,0.38021016,0.050167006,0.0024523055,-0.16347317,-0.5990206,-0.23072974,0.024849886,0.000102727914,-0.0086601395,0.0
0.02330096,0.0029711495,0.018009812,0.013860023,0.01320391,-0.047913697,-0.038266174,-0.040164594,-0.05768406,0.0020971675,0.11063363,0.0018950244,0.031493686,-0.34306327,0.022236798,0.11103516,-0.02889064,-0.25796625,-0.5926334,-0.16283107,-0.39361286,0.010823652,-0.09968103,-0.06358597,-0.27239162,-0.10406059,-0.35361782,-0.6887116,-1.1986905,-0.08451925,-0.26784417,0.019841226,0.0034209567,-0.19541019,0.040711053,-0.11789997,-0.48187947,5.815976e-05,-0.0038130544,0.0
0.02347098,-0.091087475,0.039637025,0.011359445,0.048171673,-0.07761168,-0.067725256,-0.13448933,-0.07598603,-0.043702073,0.14633365,0.001355466,0.006404106,1.4297425,-0.04171598,0.16442318,0.01249765,-0.48452467,0.23022023,-0.2569878,-0.35279676,0.00028327826,-0.07063605,-0.0451547,0.0024139215,-0.101005934,-0.8605344,0.1606394,-0.77377254,-0.062148128,0.26655063,0.06065218,0.0048803617,-0.19771177,-0.6283159,-0.18230532,0.27781796,5.815976e-05,-0.008602655,0.0
0.038555756,-0.010328623,0.11218989,-0.022180116,0.04425123,-0.055859633,0.031102244,-0.11142618,-0.023615276,0.0021694596,0.18485646,0.00072458084,0.03522252,0.0078001525,0.02630771,0.04552124,0.085584365,-0.29882103,-0.25636694,0.19256999,0.06356838,0.07368363,-0.19805926,0.016476683,-0.27527466,-0.10149146,-0.095227905,-0.21022478,-0.9447273,-0.108861744,-0.12150205,0.05872898,0.002651957,-0.20992906,-1.1459082,-0.08712319,-0.39033508,5.9112037e-05,-0.0045401254,0.0
0.024971062,-0.005037898,0.0077142855,0.007250243,-0.0067577744,-0.09057121,0.011033591,-0.13056016,0.0059064846,-0.05419545,0.16765891,0.0008601431,0.0014896641,-0.27573776,0.021861233,0.010189223,-0.03233174,0.2254461,-0.39174655,-0.42608744,-0.35248426,0.04328164,0.14562595,0.016701842,0.41604197,0.5505237,-0.795632,0.060503695,-1.2595667,-0.035633434,-0.2642003,-0.022869376,0.0021753334,-0.07827014,0.12143075,-0.17551672,-0.25184593,0.00011443191,0.15206635,0.0
0.032813553,-0.0028461327,-0.15083739,0.005853314,-0.0022417842,-0.04960739,0.026407879,-0.0785482,0.006798744,0.002406722,-0.1555466,0.0013287382,0.03263204,0.1408934,-0.0025882036,-0.36989516,0.19596638,0.105816305,-0.46908718,0.30302632,0.061611164,0.07186943,0.13727914,0.009092706,0.4788813,0.59563905,-0.01808697,-0.23304766,2.2859209,-0.007386234,-0.055461522,-0.06265682,0.00045989023,-0.051555373,-1.0986571,-0.081459,0.0413606,0.00011443191,-0.0051175016,0.0
0.03621214,-0.11233085,0.0073509216,0.012160509,0.011910307,0.050946377,0.0487327,0.07000367,-0.16525917,0.002201426,0.23750386,0.0020281817,0.07571554,-0.5530217,0.027266704,0.04675737,-0.04762289,0.15267292,0.21751235,-0.17693922,-0.08200673,0.075953946,0.1543219,-0.012966408,-0.014526837,-0.08096767,-0.01890627,-0.8549915,0.83003557,0.034236934,-0.17074588,-0.042276364,0.0009177423,-0.034912128,0.9362862,-0.07742684,-0.24802978,0.00011443191,-0.0041453186,0.0
0.028859744,-0.033317797,0.095288485,0.007874087,0.007906115,-0.058562923,0.028978512,0.14831299,0.01643933,0.004011142,-0.18982159,0.0005911734,0.023667475,-0.22936454,0.027061962,-0.51440054,0.1586199,0.10245124,0.17784373,-0.025054593,-0.03409209,-0.017614694,0.150659,0.0007947573,-0.39070666,-0.09465096,0.3173424,-0.006508797,2.2926905,0.017510762,-0.0556917,-0.039379608,0.0013810017,-0.051911507,0.16934477,-0.0054812217,-0.00031142437,0.00011443191,-0.004751177,0.0
-0.056393,-0.019981733,0.06800846,0.009652339,0.020236729,0.059250567,0.033156358,0.15003422,0.021154562,0.0022901534,0.20447618,-0.021165889,0.017758353,1.345028,-0.04365884,0.0690562,0.08424296,-0.27809194,0.50660604,-0.21004705,-0.17670615,-0.020470653,-0.05552288,-0.004336974,0.1890276,-0.09955848,0.02481095,0.12119144,-0.9760362,-0.023506,0.4249967,0.037783038,0.0040903613,-0.16621321,-0.54340774,-0.083938845,0.29194155,5.815976e-05,-0.002656317,0.0
-6.896432e-05,0.0027207898,0.00960652,-0.013471718,0.04395369,0.0709816,0.03524384,0.13001788,0.013519548,0.0021493477,0.17551383,0.0006595588,-0.01855191,-0.29740414,0.025544694,-0.024864463,0.019298289,0.22267574,0.63249564,-0.22042352,-0.18381381,0.036534194,-0.08933403,-0.051254183,-0.04814093,-0.12899782,-0.7318026,0.10939171,-1.2486801,-0.047776416,-0.2892119,-0.015264073,0.0023944979,-0.076708734,0.19611126,-0.19939508,-0.30089435,0.00025415904,-0.0055847806,0.0
0.027057685,0.0012023016,0.005126572,0.00604239,0.03611748,0.038792294,-0.17057782,-0.070022546,0.0059642633,0.002662811,-0.14304909,0.0004606469,-0.06291958,-0.29783547,0.029711384,0.16390479,0.05853456,-0.358203,-0.6045574,0.15313175,-0.43420684,-0.017512586,0.053470455,0.014932394,0.3181828,-0.09779321,-0.42370987,0.01807747,0.7242606,-0.004457119,-0.25202048,0.06813609,0.0007131316,-0.14550516,0.111344896,-0.036221538,-0.09268761,9.501921e-05,-0.0073609906,0.0
0.03273248,-0.11385714,0.02116256,0.0075464714,-0.0059988825,0.04070847,-0.09346505,-0.033736043,0.007503056,0.0023485003,-0.18480724,0.0010817137,0.010326171,-0.25420314,0.018547118,-0.022871483,0.008930452,0.12528823,-0.5806499,-0.09917664,-0.42040572,-0.020751512,0.13200958,0.06969642,0.011818069,-0.098865114,0.6855869,-0.27126467,0.31148684,0.027945362,-0.044478178,0.08485679,0.00010123296,-0.041874167,0.13293023,0.35231858,0.016435824,0.00011443191,-0.0025993166,0.0
-0.07300687,-0.02153448,-0.0007391861,0.014023876,0.019191422,0.046468668,-0.12845129,-0.14524756,0.008755407,0.0029286335,0.119270705,0.0011834905,0.035238206,0.08035682,-0.07412201,0.0043354873,0.08603946,-0.2632558,-0.55224365,0.26727587,0.010929366,-0.055958517,0.14200929,0.034003112,-0.416889,-0.09800976,-0.4995692,0.34057218,2.1283908,-0.014167842,0.01548844,0.1474626,-0.00018311382,-0.17076392,-1.0772702,-0.20482203,0.007088255,6.586846e-05,-0.0058021224,0.0
0.03530766,0.015146502,0.013086807,0.0025636745,0.04837843,-0.06201172,0.026306361,0.000751344,-0.04963486,0.0017580591,-0.18744119,0.0010274311,0.020396646,-0.56940293,0.027465727,0.05257637,-0.061093774,0.15818192,-0.34599516,0.13242216,-0.16229115,0.0040172166,-0.23685062,-0.010036495,-0.09131518,-0.09861551,0.2642038,-0.19701648,-0.70594746,-0.09274584,-0.21414149,-0.013820319,0.0040811556,-0.05157375,0.8511778,0.05207916,-0.3242903,0.00011443191,-0.0041082283,0.0
0.031457387,-0.00032093696,-0.12384903,-0.0046308455,-0.21379201,0.029974934,0.041655652,-0.11678461,-0.048796173,0.0017721276,-0.20820792,0.00040104293,0.023649242,0.07586754,0.008230969,0.16801423,0.066355005,-0.3394944,-0.23668067,0.20929848,-0.3283983,0.042838067,-0.026028357,-0.017100707,-0.1172993,-0.102717884,0.1493641,-0.60728264,0.33064112,0.048038755,-0.06452065,-0.049641073,0.0006820319,-0.04639839,-1.0814643,0.21821782,0.020970138,0.00025415904,-0.004118439,0.0
0.02438681,0.01356899,-0.13978426,0.00943022,-0.22629166,-0.05733384,0.041041978,0.10874516,0.012423505,0.0013437305,0.16818891,-1.1430588e-05,0.012797154,-0.3200123,0.025048533,0.0035941876,-0.03764997,0.103011996,-0.6592057,-0.42934412,-0.12675357,-0.0079779,0.12511578,0.014515124,-0.2742355,-0.0953957,0.27762568,-0.69228506,-0.9865548,-0.014322978,-0.25091892,-0.09711828,0.0028136605,-0.051888376,0.08775149,-0.054594904,-0.05167644,0.00011443191,-0.0028810939,0.0
-0.06473938,0.0013993806,-0.008924653,0.0073498427,-0.02137633,-0.03900008,0.025726696,0.09021246,0.019619586,0.0017020795,0.16363399,0.0017659767,-0.0073441896,-0.57073337,0.017580528,0.12029615,0.0061299144,-0.2006497,-0.6906144,-0.28550515,-0.17752649,-0.018211046,-0.052630093,-0.0013184205,-0.36289725,-0.108225614,0.3232261,-0.5964858,-1.1340461,-0.13374655,-0.20985731,-0.05390938,0.003121674,-0.15973283,0.8946398,-0.055625245,-0.41357872,5.815976e-05,-0.002549482,0.0
0.015712202,-0.01804397,0.013516672,0.0114576565,0.039640266,-0.038970344,-0.106456146,0.28225458,-0.05871029,0.0017817849,0.14838287,0.0019522756,-0.19073595,1.4480721,-0.06823551,0.18267134,0.033160377,-0.37793073,0.09482971,-0.22293073,-0.37729424,0.0049307295,-0.015434139,-0.0061289812,0.3117371,-0.09065396,-0.9248113,-0.5879627,-0.9001532,0.03543134,0.3894313,0.04985823,0.0019390811,-0.085676044,-0.5860107,-0.21093644,0.43010384,0.00011443191,-0.00950528,0.0
-0.03764011,0.035365816,-0.14394143,-0.018819056,-0.0029342656,0.038068946,-0.1343263,-0.082127966,0.006199621,-0.051146332,0.22512312,0.00064759864,0.011181765,0.020276977,-0.094361536,0.037250016,-0.012047644,0.14413093,-0.20427814,0.22131911,-0.18718591,-0.0020608308,-0.21478525,-0.028968439,-0.28003845,-0.097095154,0.13698871,-0.2061323,-0.66989034,-0.09646179,-0.002729502,0.05111355,0.0018565207,-0.049741905,-1.0460842,-0.047024347,-0.04771279,0.00025415904,-0.0043203626,0.0
-0.08661678,0.024151012,-0.12958156,0.009170637,-0.012470373,-0.07788483,0.057313386,-0.082177676,-0.04369171,0.0019379508,0.17389749,-0.017431518,-0.14387639,-0.16988821,0.034158967,0.16617993,0.065414846,-0.38697982,0.6711487,-0.2093422,-0.36318535,0.025296338,-0.06715025,-0.011300765,0.19199272,-0.12264372,-0.031481117,-0.30611038,-1.2580764,0.037775286,-0.19371022,-0.00026747934,0.0045516756,-0.05957624,0.87451494,0.04453868,-0.23014276,-0.011167696,-0.0028730866,0.0
-0.13614057,0.005008641,0.010284199,0.008500177,-0.010450437,-0.074713156,0.03472748,-0.10715682,-0.06294695,0.0015249304,-0.21020386,0.0010388251,0.020228926,0.07610235,-0.087139934,0.04984475,-0.05974229,0.15354992,0.51300824,0.16600516,-0.1702821,0.041410822,-0.19644141,-0.09727617,-0.10101374,-0.12768778,0.38948014,0.1621496,-1.2867414,-0.1424261,0.014797548,-0.052276842,0.0031320374,-0.07818972,-1.0179199,0.10594418,-0.1188894,0.00011443191,-0.0044176257,0.0
-0.005647234,0.012718311,-0.14185598,0.009432522,0.046146274,-0.068215065,0.032254532,-0.118606225,0.012191648,0.0021367173,0.2941535,0.0018841219,0.008183657,-0.107233785,0.02833866,-0.49745482,0.17857178,0.107282974,0.6824655,-0.11324609,-0.29619417,0.05019596,0.021333747,0.024520729,0.07810141,-0.10240885,0.46648797,0.09746991,-0.5919748,0.003842152,-0.1653372,-0.007788045,0.0045537897,-0.03864433,0.9532532,0.21215378,-0.031160975,0.00025415904,-0.003595432,0.0
0.024554528,0.0012475081,0.059407458,0.0064084944,0.052984294,-0.058747526,0.011213148,0.14753896,0.013091472,0.0014979304,-0.17278217,0.00056018564,-0.022124201,-0.04180611,0.024734842,0.16297166,0.052407205,-0.37145582,0.13201146,-0.34079483,-0.34599006,-0.036251966,0.07527835,-0.0128347995,0.27624768,-0.105350405,-0.07771229,-0.7121579,-1.2600542,-0.054407418,0.0369685,-0.045672946,0.0036518215,-0.07752153,-1.0228194,-0.076406136,0.2196385,0.00011443191,-0.0024072137,0.0
0.0129117565,-0.06052412,0.054885,0.01628391,-0.014066167,0.048439074,-0.04878365,0.30781552,0.0005670263,0.0032977576,0.23518497,0.002154652,-0.0119103,0.18166234,0.035361648,0.10405719,-0.03618429,-0.2597439,0.80673313,0.09584516,-0.3389104,0.0010402129,-0.17271161,-0.07109871,0.10828664,-0.10963405,-0.002745882,0.7635672,-1.2223452,-0.042210136,0.04194766,0.042423233,3.497154e-05,-0.07050537,-0.7010406,-0.02605786,0.024096651,0.00014365409,-0.0030501988,0.0
0.040131543,-0.08718476,-0.009350153,0.011025647,0.03622693,-0.07213705,0.05060293,-0.04079275,0.004937532,0.0023055065,0.23645146,0.0018928843,-0.05551098,-0.36653215,-0.007895577,0.011106858,-0.03210012,0.1725725,-0.28155285,-0.4278004,-0.34040546,-0.015887517,-0.050757498,0.0005188089,-0.33202538,-0.094742574,0.021527354,-0.1933074,-1.2397398,0.013594131,-0.08670762,-0.07715448,0.003593352,-0.05469815,0.18183929,-0.03439661,0.020172158,0.00011443191,-0.002705006,0.0
-0.026566733,-0.006422642,0.12380662,-0.0063396147,0.0116058495,-0.05676784,-0.044482693,0.14436242,0.005496876,0.0017227454,0.13009636,0.00029160292,0.012792561,1.1806203,-0.06799199,0.18644436,0.046235267,-0.38720998,0.53187096,-0.07241262,-0.3484084,-0.00019935452,-0.041243196,-0.015373059,0.33012316,0.5171733,-0.81723833,0.1333561,-0.9558887,-0.031701587,0.38822088,0.014666375,0.0038385326,-0.09991214,-0.66299176,-0.19250464,0.3631144,0.00025415904,0.16365981,0.0
0.042922307,0.03745868,-0.07254545,0.008328401,-0.051961638,-0.038406834,0.045244396,0.100862525,0.020252515,0.00172951,-0.13371277,0.0009537425,0.00274071,-0.27086875,0.023780564,0.08002465,-0.048081804,-0.24969512,0.70836854,0.110117,0.14756525,0.027086537,-0.14626324,-0.083222926,-0.021529825,-0.11525621,0.0027647468,2.4469755,-1.1623907,-0.086778626,-0.21987292,-0.06549114,0.0036351033,-0.062822305,0.20701481,-0.0920569,-0.26467836,0.00028338123,-0.0033420438,0.0
-0.0040595788,0.044932052,-0.14529733,-0.0057118284,0.0007368744,0.055694383,-0.104723334,0.1328931,0.014919878,0.00233676,-0.16978034,0.00073084934,0.018719196,-0.30811635,0.022504583,-0.020050596,0.01521426,0.12898634,0.19581358,-0.047121562,-0.17455181,-0.010614042,-0.11670895,-0.01890181,0.010736297,-0.117533684,0.29405144,0.16864014,-1.2555939,-0.094891615,-0.021090528,0.07604018,0.0031770102,-0.08686868,0.090252034,0.021091046,-0.27866426,0.00025415904,-0.0033695218,0.0
-0.004549321,0.010148483,-0.01257827,0.008174894,0.0024807327,-0.09359458,0.04592235,-0.07195262,0.00882093,0.0024219474,-0.1872552,0.0005066933,0.014310095,-0.33219597,-0.014657385,-0.00383886,0.011115414,0.17353687,0.77455664,-0.23063114,-0.2954365,-0.10177555,0.016988864,-0.03285214,0.07116273,-0.10972521,-0.3596004,0.39356315,-1.1964896,0.0069290805,-0.039006967,-0.0393615,0.003942975,-0.08599171,0.49046814,-0.11347347,0.017740607,0.00014365409,-0.0034416136,0.0
0.02561135,0.002623182,-0.040289834,0.011732491,-0.12612204,-0.06675604,-0.13364193,-0.10811882,0.0032871396,0.0028462983,0.12417683,-0.00015768892,0.012144174,-0.21123728,0.02702329,-0.191721,0.043353528,0.12293039,-0.57346237,0.21249029,-0.12348847,-0.014784472,0.19492032,-0.008274819,-0.64580506,-0.096495785,-0.68551487,0.24136797,2.0844576,0.02308612,-0.24751543,0.062971324,-0.00026665142,-0.060198847,0.08871717,-0.24955818,-0.47297853,0.00014365409,-0.007354901,0.0
-0.22241727,0.0017977202,-0.019006971,0.007033082,-0.008842651,0.047491208,-0.04053237,-0.13938709,0.008397079,0.0030966513,-0.13181558,0.0010709851,0.022226537,-0.0078223655,-0.0033696352,-0.40454102,0.19042508,0.12386024,-0.5875761,-0.14860538,0.075060464,0.010509062,-0.075580105,-0.016052932,0.26580188,-0.105866835,-0.32857552,0.38041824,-1.27467,-0.052121453,-0.065724425,0.02338631,0.0013061378,-0.13870072,-1.1021376,-0.18143852,-0.26798224,6.586846e-05,-0.0040333266,0.0
0.048387412,0.04633568,0.04750456,-0.0071650823,-0.011625443,0.03430443,-0.1627684,-0.13193022,0.014495467,0.0020446018,-0.13786301,0.00043945844,0.044082284,1.3797256,-0.042009085,-0.41365913,0.21459913,0.100781016,-0.5102933,0.18665165,-0.058183864,0.08587124,-0.14358936,0.0042915256,-0.35742432,-0.093701474,0.27704367,0.34259832,-0.7176905,-0.07737343,0.3526596,0.08472768,0.00097051397,-0.20649227,-0.61180115,-0.02761795,0.111287355,0.000102727914,-0.0040747887,0.0
-0.006549283,-0.020100996,-0.10771463,0.0063083726,-0.0065023825,-0.048528176,-0.11347607,0.18143275,0.0075540934,0.0021487083,-0.14317915,0.0013715408,0.015015431,1.3876494,-0.02564012,0.019752562,-0.0060667284,0.1112708,0.06740916,-0.33643964,-0.22236226,-0.04428433,-0.055963803,0.0027697976,0.28624263,0.37209508,-0.23616679,0.14164397,-0.94989324,-0.05515098,0.40228876,0.11602387,0.0033357267,-0.1035991,-0.69033766,-0.10919723,0.3265994,0.00011443191,-0.005174332,0.0
0.034182955,-0.079229474,0.010666696,0.005824412,0.051295973,-0.0677202,0.021848992,-0.16070409,-0.0062342575,0.0015784971,-0.122752905,0.00033910095,0.022264719,-0.5291243,0.02222972,-0.46029654,0.1595833,0.10065561,0.0048936624,-0.30100644,-0.35620135,0.05258701,0.06363135,0.009516614,0.32159397,0.5212214,0.60221165,-0.325835,-1.2514313,-0.009165042,-0.20696852,-0.021811565,0.0024884508,-0.091719344,0.78693163,0.21901259,-0.26284075,4.1155567e-05,-0.0029355877,0.0
0.024551595,0.07392623,0.0054992335,0.00060308963,-0.008926023,-0.06768027,-0.11319499,-0.13615766,0.0063602654,0.0029456925,-0.113991246,-0.0006317392,0.039008558,-0.38926676,0.02951279,0.20443785,0.014884438,-0.30785102,0.62973595,0.1609477,0.053466503,-0.020481301,0.17325532,-0.004260058,0.50237525,-0.089096144,0.5647006,0.4078901,2.0977056,0.030306282,-0.2088835,0.111333,0.0012362753,-0.07297505,1.4190558,0.05873809,-0.26597542,0.00028338123,-0.004472847,0.0
-0.057602018,0.021005314,-0.017025266,-0.020579524,0.02558595,0.054191723,-0.12626757,-0.12047244,0.007847208,0.0017519554,0.21773474,0.0006806612,0.0101281125,-0.23310211,0.02677997,-0.42394924,0.20400046,0.17594223,0.6578302,0.11030146,-0.14453402,-0.00399192,-0.12462295,-0.049665246,-0.12869354,-0.10637563,0.04661765,0.88916457,-0.61622494,-0.05961436,-0.2607943,0.07342573,0.0034771755,-0.29295176,0.2551798,-0.056986075,-0.42599025,0.000102727914,-0.004258862,0.0
0.009018101,0.0047049164,-0.031744216,0.012177093,0.079612866,-0.07153712,0.018666884,-0.12719305,0.0074138627,0.0018114196,0.24807061,0.0012735155,0.023549933,1.2876112,-0.08123009,0.07279084,0.002493912,-0.29212424,0.4961191,-0.2517454,-0.39461398,-0.13489398,0.034667883,-0.0043954575,0.16481759,-0.091760114,-0.4331598,0.7664019,-0.7417247,-0.035672087,0.3528223,-0.06437394,-0.23060034,-0.08837426,-0.91151524,-0.05816519,0.39577726,0.00014365409,-0.0050392705,0.0
-0.013579602,-0.078689,0.004261262,0.007453527,-0.027848488,-0.05394933,-0.14682284,-0.16257757,-0.0037713642,0.002362679,-0.12693289,0.00087378576,0.009661368,-0.593688,0.018547721,0.1739168,0.011068229,-0.38460708,-0.012208902,-0.28965488,0.048087157,-0.007908309,-0.114198364,-0.04588576,-0.14962333,-0.10853318,0.53552604,-0.08597074,-1.2938517,-0.12970655,-0.24784449,0.071382314,0.003050185,-0.11235241,0.8339196,-0.098992005,-0.4111146,0.00011443191,-0.0025483503,0.0
0.018807106,-0.02356397,-0.11544981,0.010932419,0.0070247008,-0.043950036,-0.11102975,0.027072497,0.008799919,0.0017619152,0.15276214,0.00097629236,0.044910736,-0.30758843,0.018085659,0.1753409,0.050827123,-0.281097,-0.47731024,-0.14659616,3.058304,0.094598226,0.11812125,0.029278714,-0.15761974,-0.059427597,-0.32670403,0.10101544,-0.2441338,1.4799515,-0.25467184,0.11718425,0.002875825,-0.04317628,0.167946,0.21933192,0.04681223,0.00011443191,-0.0029340398,0.0
-0.031007467,-0.114513874,-0.0110753495,0.0082543045,-0.005955944,0.029752573,0.046303697,-0.15371875,0.0026028724,0.0020103604,-0.20008485,0.00049259415,-0.05758344,1.5067322,-0.033496216,0.087375455,0.08904191,-0.27706027,-0.22517662,-0.29491875,-0.23758079,-0.07716764,-0.06157145,-0.0029128664,-0.30523473,-0.08414218,-0.27036867,-0.6409751,-0.84864265,-0.062429573,0.40040103,-0.08058009,0.0023650974,-0.09167722,-0.58001727,-0.10644613,0.40065843,0.00011443191,-0.0034553884,0.0
-0.04486678,-0.01633816,-0.17738953,0.010750616,-0.018956508,0.06797587,0.02704711,-0.06450815,0.0062848968,0.0024612776,0.23560753,0.0027697354,-0.05634361,0.14596504,0.026972177,-0.030297754,0.011903657,0.17091127,0.79606295,-0.13399397,-0.30821526,0.009093212,0.016966859,0.012829293,0.2207311,-0.09623425,-0.35806748,0.38417056,-0.88425845,0.008218617,-0.120039545,-0.03557207,0.0023029805,-0.06800515,-0.6053335,-0.09092334,-0.051161397,0.00014365409,-0.0029480716,0.0
0.041463733,0.005212211,0.06306032,0.00831554,-0.03930024,-0.05492235,0.02599959,0.09726175,0.01733604,0.0020242129,-0.13633192,0.00092158257,-0.029515093,-0.2826548,0.021533145,0.1700713,-0.0016643022,-0.36567047,-0.6397011,-0.15946464,-0.020389657,-0.0077708834,-0.08942585,-0.02556176,0.21027553,-0.11104528,0.6233562,-0.43895736,-1.4155569,-0.09208,-0.21337974,-0.034522355,0.0041399077,-0.07758839,0.021637466,0.017273085,-0.3518953,0.00011443191,-0.0030762472,0.0
0.055098128,0.016872164,0.006007815,-0.0131920185,-0.09569769,0.045277826,0.026275467,0.21263364,0.014348323,0.003164279,0.20906657,-0.007809403,0.034988787,-0.3164437,0.017744381,0.1862933,0.05228966,-0.3407571,0.2672348,-0.052396324,3.0907917,0.07408921,-0.06752563,0.004585637,0.059799742,-0.07380878,-0.111513294,-0.25812107,-0.94286716,0.14139237,-0.069587834,0.07247552,-0.0001564928,-0.042543694,0.21962929,0.3432008,0.08497503,0.00025415904,-0.003037651,0.0
-0.054401886,-0.11674076,0.016081497,0.006523737,-0.030284222,0.03784469,-0.087235324,-0.113206096,0.004671335,0.0025127213,-0.13955726,0.0009588685,0.0058708093,-0.5511205,0.021830518,-0.21562079,0.034148637,0.09946453,-0.6772125,-0.17646743,-0.34167176,0.040583625,-0.11595633,-0.032304775,-0.16606964,-0.10729682,0.23199855,-0.6997003,-1.3940367,-0.07790117,-0.23215874,0.06591895,0.0018137688,-0.08546332,0.82957166,0.12102644,-0.4171755,0.00011443191,-0.0025968344,0.0
-0.08814795,0.053428438,0.027428322,-0.0054848194,0.034327477,-0.058229603,0.028137658,-0.09117179,0.007750572,0.0024070498,-0.16036043,0.00030207372,0.02576899,-0.25650477,-0.0819668,0.047867168,0.077779956,-0.2867514,0.43747574,0.29866835,0.08186226,-0.0018521516,0.0072188745,0.037978973,0.021176558,-0.10974921,-0.46446803,-0.018965872,2.2387729,-0.028076412,-0.030513382,-0.07178518,0.002376476,-0.07106282,0.37075454,-0.29642573,-0.088721134,0.00025415904,-0.0067196833,0.0
-0.23035784,0.05295094,0.06923916,-0.0039061906,-0.00086446246,0.0559327,0.018556612,0.36953363,0.018359121,0.0034735743,-0.11966682,0.0003006345,0.030716557,-0.33272618,0.024695642,0.17735727,0.033442803,-0.40113235,0.62452006,-0.30767393,0.13321702,-0.008117318,0.123465985,0.02030877,-0.06357465,-0.12055262,-0.5553754,0.541298,-1.1430622,-0.012779879,-0.044652842,-0.049112167,0.0011252436,-0.1035941,0.2279963,-0.24988323,-0.15194127,0.000102727914,-0.0039608288,0.0
0.013650289,0.00953569,-0.016972875,0.007886242,0.043684106,-0.07098143,0.019691633,-0.12932765,0.010927747,0.002362178,-0.20112948,0.00035479837,0.014465404,-0.31221184,0.01968202,-0.024076717,0.010595915,0.18958913,-0.39039797,-0.28293988,-0.46189877,-0.00010731866,-0.07273714,-0.0055440334,0.028958974,-0.094958685,0.10846927,0.75199234,-1.3338436,-0.07691421,-0.23603831,-0.034828708,0.0034550615,-0.0707179,0.1607117,0.1335642,-0.07684475,0.00028338123,-0.0023773718,0.0
-0.12344316,-0.06962594,0.080829084,0.013052103,0.03286768,-0.06277778,-0.08217383,-0.09607565,0.005346245,0.00237103,0.21122919,0.0018363629,-0.20304495,0.023940265,0.009618122,-0.432441,0.21457373,0.1741778,-0.3178316,-0.0047931294,-0.021010745,-0.10296246,-0.03928718,-0.014901738,0.18526268,-0.10272152,-0.62292874,0.49548084,-1.1971636,-0.040431954,-0.069538206,0.087318525,0.0039891256,-0.072021656,-1.0835004,-0.21096778,-0.12078331,0.00014365409,-0.007926824,0.0
0.027001617,0.013527743,0.010545162,0.008168406,-0.0045242133,-0.053110793,-0.15364915,0.051545735,-0.17697692,0.0030552694,-0.14130603,0.0008358336,0.051171493,1.4286819,-0.08059851,0.017298963,-0.041486472,0.12551181,-0.48830965,-0.09436429,-0.048584837,-0.05480033,-0.09882943,-0.062195927,-0.019298935,-0.085759304,-0.524101,-0.67333317,-0.9178194,-0.123129226,0.30877933,0.1175087,-0.21622245,-0.074136265,-0.7028298,-0.25340992,0.46967706,0.00025415904,-0.008489503,0.0
0.037702028,0.0028819588,0.062581345,0.006644131,0.009708824,-0.057706717,-0.071670465,-0.048598178,-0.0055009746,-0.032085784,-0.20457399,0.00035298744,0.009676111,0.12142035,0.0016762294,0.16361983,0.0639091,-0.30666345,0.4484794,-0.02057989,-0.12255311,0.004409246,0.124584354,0.047707494,0.32979468,0.6039436,0.4823303,-0.22942112,1.4727945,-0.053222634,-0.014787971,0.09874837,-0.00030037883,-0.054647036,-0.91593087,0.12112372,0.15758635,0.00011443191,-0.004185457,0.0
-0.080035076,0.02614679,0.0111967875,-0.021297846,-0.0058791446,0.052903257,-0.21580039,0.21124841,0.01356463,0.0028657138,0.19129945,0.0007106187,-0.036629267,-0.034726564,0.022026816,-0.035949707,0.012298171,0.15145934,0.04199937,-0.2687915,-0.21121596,0.074821904,-0.050126735,-0.013003934,-0.28765574,-0.10231111,-0.35468534,0.14058574,-1.1717721,-0.0367522,0.043168448,0.07662026,0.00016089645,-0.06583975,-1.0984805,-0.121712975,0.042742763,0.00025415904,-0.004577173,0.0
0.017789835,-0.032538645,0.029329246,0.0056180875,-0.004024474,0.012260558,0.03732165,-0.120474,-0.039322328,-0.055824175,-0.15407465,0.0007131785,-0.16911954,-0.5157223,0.0244475,0.18501903,0.06885336,-0.36807826,-0.62020427,0.2328324,-0.13631095,0.064864054,-0.12659773,-0.0072768214,-0.33569658,-0.09677592,0.47688732,0.36210766,0.34686407,-0.05280842,-0.2276984,-0.022347402,-0.000381171,-0.041795086,0.9342205,0.23374715,-0.3349433,0.00014365409,-0.003897545,0.0
-0.12094369,-0.006209715,0.0883411,0.011666301,0.014882943,0.055902254,0.028692443,-0.07243261,0.010503216,0.0024643396,0.17100479,0.0017058739,0.04491118,-0.6315126,0.024674753,0.11722462,-0.008842122,-0.27414492,0.16893627,-0.169182,-0.2130577,-0.0021157968,0.02770201,0.047501966,-0.30111724,-0.09665301,-0.34835306,0.31836817,-1.1714299,0.016399303,-0.25128198,0.03416913,0.0014960025,-0.1961814,0.92923903,-0.10718304,-0.28385326,6.586846e-05,-0.004826033,0.0
0.046593238,0.000456014,-0.01123629,0.008734787,-0.000292656,0.038990993,0.02405502,-0.079446755,-0.04606974,0.0022936033,-0.16053823,0.00062431116,0.018553777,-0.612806,0.026103716,0.05556384,0.08254467,-0.27782774,0.07533449,-0.025172262,0.043525,0.0029210763,-0.13447323,-0.051590133,-0.23214187,-0.11708596,0.28938416,-0.49968177,-1.2894611,-0.13408068,-0.22843795,-0.026452927,0.0010486917,-0.062057815,0.7835702,-0.09970231,-0.3540658,0.00011443191,-0.002524037,0.0
0.05053856,0.02498304,0.105401695,0.012848787,-0.015427217,-0.062675595,0.02874352,-0.03501543,0.007660652,0.0027433052,0.2415921,-0.012214289,0.013159807,-0.35976237,0.019436456,0.0020637978,0.005587395,0.176069,0.030632086,-0.26681235,-0.5071614,-0.0036677048,-0.07721007,0.014253383,-0.3051338,-0.104166545,0.076635666,-0.20370571,-1.2015387,0.0062265056,-0.07498535,0.037537146,0.0037159992,-0.05629196,0.1549038,0.21259195,-0.036345303,0.00011443191,-0.0024096975,0.0
-0.2543591,-0.010324217,-0.0088613015,0.006142662,0.0003408678,0.06262964,0.059101917,-0.12491543,0.00690855,0.0025876202,-0.2341478,-0.00031854835,0.014683868,-0.011617458,0.028701818,-0.013230483,0.0049685296,0.170459,0.16031148,-0.237063,-0.17429194,-0.006347206,0.13844723,0.0076007363,0.2658442,-0.09489019,-0.080780916,0.1806302,-0.97707856,0.02005272,-0.17932935,-0.028395172,0.001825766,-0.0672535,-1.2248079,-0.06836107,-0.102369234,0.00025415904,-0.0033093567,0.0
-0.045572296,0.015481889,-0.07032145,0.008319597,0.033133384,0.037703928,-0.17424184,0.16407873,0.017215857,0.0018982264,-0.07609098,0.00052432786,0.012632181,-0.022952314,0.02616076,0.16190527,0.04579631,-0.3352331,0.08063851,0.06752322,-0.3673453,-0.045669723,-0.19770673,-0.08471021,-0.28054142,-0.122478895,-0.5924438,-0.27828825,-1.0371146,-0.15951622,-0.05411991,0.050560404,0.0012199933,-0.136137,-1.0926124,-0.14302525,-0.5447001,5.815976e-05,-0.004025666,0.0
0.033474132,0.06317633,-0.006709003,-0.004430506,0.022962857,-0.06348818,0.026130546,-0.046386108,0.011253812,0.002996643,-0.1404298,0.000110873574,0.048988495,-0.21451318,-0.088576406,-0.40869308,0.16069593,0.06808188,-0.49954054,0.093335934,-0.29522628,0.02139647,0.11429537,0.0059783407,0.29894665,-0.09064786,0.6722386,0.05377029,2.0194604,0.635829,0.0075068106,-0.07576634,0.0016484964,-0.039552435,0.16652982,0.35145295,0.32058227,0.00025415904,-0.0039002993,0.0
-0.09208097,0.0017433465,-0.013165104,-0.0054619615,-0.005587141,0.056417286,0.03676219,0.1529319,0.016212422,0.0016720741,-0.18013635,0.0008688578,0.019142129,-0.35277465,0.02500755,-0.1960046,0.047149535,0.088519685,0.18565232,-0.13082531,0.0075977286,-0.0110174995,-0.065262906,-0.0059400406,-0.15864135,-0.118996866,-0.09224156,-0.28090593,-1.1750656,-0.095391735,-0.07033048,-0.03245575,0.0018547063,-0.068879664,0.1335783,-0.21174724,-0.39424682,0.00025415904,-0.0040113456,0.0
0.018844621,-0.026314804,-0.08712714,0.008010604,-0.010080952,-0.022912137,0.037509486,0.25177696,-0.14100015,0.0023111412,-0.15440969,-0.00017737912,-0.079086564,-0.3740055,0.02821854,0.10334816,-0.0058851847,-0.1819992,-0.5622262,-0.3010964,-0.16378808,-0.016154574,0.10623671,-0.011257846,-0.35623166,-0.093688175,-0.24027446,-0.6921846,-0.88566357,0.0106073115,-0.07248576,-0.051465675,0.00027967675,-0.04855797,0.18735464,-0.117644995,-0.015824677,0.00011443191,-0.0026440227,0.0
-0.033808853,-0.0058417637,0.017686132,0.0060071596,0.0051075523,-0.037710898,-0.13918188,-0.031765826,0.0027111976,-0.05097008,-0.0934643,0.00059215125,0.021029413,-0.55452156,0.022291737,0.033092022,-0.039142046,0.11230849,-0.6374985,-0.07545493,-0.3515923,0.020545015,-0.11089796,-0.059680372,-0.31137678,-0.105017744,0.38365653,-0.5249712,-1.2493554,-0.1658113,-0.24933125,0.046117973,0.002207136,-0.14569162,0.9100919,0.23409365,-0.38860714,5.815976e-05,-0.0026478358,0.0
0.032814883,-0.07122246,-0.04175381,0.007842402,-0.032714736,-0.06015392,-0.06300442,-0.15144882,0.0028516934,0.0036844292,-0.1357181,0.00046020222,0.033264954,0.07818933,0.023120396,0.009468544,0.08369187,-0.280822,-0.45759922,0.26656663,-0.014517955,-0.01242065,0.15700111,0.028795222,0.24268302,-0.0943324,-0.72531426,0.1581877,2.1897845,0.025513869,-0.16962215,0.10460947,0.0012907186,-0.07927475,-1.1973267,-0.253011,-0.054486625,0.00011443191,-0.007966099,0.0
0.008774912,-0.025308095,-0.0015657912,0.0020555856,-0.028436853,-0.06449461,0.021019502,-0.0092420485,0.011018491,0.0012520632,-0.11101453,0.0008342401,0.01651765,-0.52025187,0.02557374,-0.017425658,0.018877108,0.12309757,-0.38804552,-0.27802536,-0.32789147,0.089546695,-0.087032035,0.014413401,0.32890975,-0.09431734,1.0627923,-0.25860786,-1.3600067,-0.032866344,-0.2157034,-0.026464004,0.0036097502,-0.07254099,0.852717,0.3090592,-0.2337372,5.815976e-05,-0.0025778648,0.0
0.02257206,-0.020067392,-0.016075296,-0.0062357844,-0.0050239307,0.064107664,-0.0825602,-0.10472593,0.004950988,0.0026569369,-0.19863625,-0.0006178527,0.020177603,-0.39708453,-0.015899846,-0.021410923,0.006671347,0.14391772,0.049462203,-0.3048461,-0.44506958,-0.003603847,0.065838866,-0.0016150982,-0.15241835,-0.10003754,-0.28185436,-0.18848053,-0.8749693,0.013456297,-0.06976256,0.07008721,0.0015337575,-0.067363866,0.1998642,0.02482528,0.017775899,0.00025415904,-0.0033271383,0.0
0.03468655,-0.07749791,-0.00406138,0.008121917,0.0029332223,-0.0979615,0.0120747695,-0.07248644,-0.0010274985,0.002080318,-0.17918003,0.0004545539,0.033447042,-0.34787273,0.02538444,-0.024243059,-0.0025244802,0.18183541,-0.32276917,-0.09323478,-0.40960512,0.0049890587,-0.0655456,-0.05165203,-0.2355254,-0.09062161,-0.25211632,0.32799068,-1.3211122,-0.027921926,-0.2571912,-0.043916218,-0.20664886,-0.06849384,0.07324485,-0.02696662,-0.35445362,0.00014365409,-0.0034909444,0.0
0.031658024,-0.024807844,0.08930555,0.010517205,-0.15572129,-0.06627208,-0.16250205,-0.090082355,0.004570826,0.002284746,0.22746569,0.0027697354,0.02380713,-0.33253127,0.023189798,-0.0017798359,0.0059902393,0.14933641,-0.2704807,-0.3623767,-0.09692977,-0.047501735,0.005593014,-0.024130814,-0.18846655,-0.091066204,0.05273843,-0.7218309,-1.2713207,-0.0687782,-0.23864827,0.11742891,0.002918525,-0.065780126,0.06682632,-0.09734802,-0.43473473,0.00011443191,-0.0033430927,0.0
0.012884912,-0.117746845,0.051591378,0.0060970574,0.0098565435,0.017922167,0.027808959,0.10441884,0.0069325888,0.00010142336,-0.094567776,0.00059593585,-0.027365422,-0.5226608,0.027924877,0.16724099,0.08777554,-0.30633166,-0.6293143,-0.4008868,-0.008750776,-0.013008759,0.01685,-0.020245206,-0.425032,-0.09675772,1.1441132,-0.75494975,-1.3351911,-0.039093316,-0.16228028,-0.01570031,0.0019524372,-0.11703404,0.9080961,0.2725835,-0.22634397,5.815976e-05,-0.0020683997,0.0
-0.030672258,0.03628598,-0.012703869,-0.031938527,0.013840143,-0.061773248,-0.05435321,-0.060031716,3.3476623e-05,0.001744583,0.17989187,0.0008102549,0.008281628,-0.30355343,0.021475883,-0.4191488,0.19589028,0.13593763,-0.29147223,0.11708526,2.9502795,0.050276518,-0.15910195,-0.0191224,-0.065480955,-0.07134056,-0.3679039,-0.7802665,-0.63243836,0.0124828005,-0.2827573,0.09089213,0.004273948,-0.017019453,0.105710916,0.2599812,-0.25223964,0.00025415904,-0.003922032,0.0
0.056845725,0.03367839,0.076494955,0.008019915,0.02166434,-0.043503597,0.013993919,-0.09419325,0.008848629,0.0031625484,-0.22641666,0.00048820127,0.01186117,-0.27126586,0.026062196,-0.010121515,0.007072226,0.13575205,-0.24918342,-0.0153169455,3.033582,0.007696888,-0.0816941,-0.018343316,-0.22728921,-0.07720583,0.29514983,-0.6872469,-0.9768725,0.035086848,-0.2238345,0.050811637,0.0035977864,-0.040310472,0.08579688,0.4788681,-0.07777075,0.00011443191,-0.0020391052,0.0
0.041987047,0.014521227,0.0020545083,0.008453965,0.024059966,-0.036464658,0.019738931,-0.12213795,0.005409419,0.0016478222,-0.18608367,0.00033782344,-0.13710085,-0.2730892,0.019931274,0.09808323,-0.045848515,-0.2850752,0.0377219,-0.013454653,-0.27775633,0.012915924,-0.122456565,-0.02764354,-0.32589096,-0.111867726,0.3414304,0.12011581,-1.2281173,-0.03619448,-0.23805593,-0.02768575,0.004543266,-0.069672756,0.010707778,0.10703422,-0.19864142,0.00025415904,-0.0032105418,0.0
-0.06616199,0.05436089,0.089854546,-0.016787784,-0.14212336,-0.055772338,-0.13421276,-0.10115497,0.0004507556,0.002508826,0.230733,0.00075434987,-0.05257644,-0.57608134,0.026375523,0.057108182,0.047840595,-0.27582029,0.11361187,0.125806,-0.5209334,0.009188414,-0.1640534,0.011071947,-0.10082621,-0.10775677,0.15556629,-0.10759793,-1.0129155,-0.01366992,-0.2665589,0.08089212,0.002549881,-0.07364857,0.9016448,0.22600536,-0.34031132,0.00025415904,-0.0037118664,0.0
0.04442763,0.002369761,0.01827104,0.006674659,0.055479005,-0.04011404,-0.17406797,0.20909563,-0.064301014,0.0018247524,-0.1702098,0.00057788956,-0.0992941,-0.2661961,0.018952183,0.024597961,-0.009502506,0.11622257,0.29242074,-0.021218823,-0.31117338,0.02756003,-0.08206391,-0.014474178,0.5076024,0.64531094,0.21598034,0.11409808,-1.2752504,-0.014025695,-0.013941032,0.08009604,0.0018811598,-0.06869118,0.15613979,0.11810173,-0.098070495,0.00025415904,-0.003631596,0.0
-0.09367797,0.006250915,-0.109859616,0.007899526,0.048396703,-0.03821086,0.008251485,-0.05595939,-0.051305268,0.0016986841,-0.14277679,0.0005320484,0.03843577,-0.37345344,0.022920553,0.1663807,0.0341508,-0.3834004,-0.5714629,-0.0414254,-0.4258297,0.05054095,-0.04749811,0.040609732,-0.25029352,-0.0921946,-0.40211818,-0.01379635,-0.506582,-0.035339575,-0.08928742,-0.05120294,0.0026403856,-0.048784297,0.15168609,-0.076441705,-0.091992594,0.00011443191,-0.0042525567,0.0
0.016295174,-0.14753254,-0.014603182,0.008238468,0.015284987,0.03312471,0.01997449,-0.10130992,0.006554668,0.0022389,-0.13913631,0.00059593585,0.006731242,-0.30188435,0.024942989,0.16901672,0.022380896,-0.38738194,-0.6245407,-0.3142888,-0.033228062,-0.007293693,-0.06724476,0.036109403,-0.34314963,-0.11083937,0.31578144,-0.22313999,-1.2881678,-0.04022325,-0.24981871,-0.024903437,0.00093461986,-0.06648194,0.02712801,-0.05242589,-0.40063497,0.00011443191,-0.0032177577,0.0
0.01796421,0.05600962,-0.09350053,-0.006035849,0.056900576,-0.03224877,0.02382632,-0.0617076,0.0073333564,0.0010046513,-0.11619864,0.00036115776,0.019358534,-0.35008234,0.028085222,0.17702632,0.06860936,-0.33835748,-0.56561756,-0.22837238,0.09594695,-0.018010477,-0.05396386,-0.016788036,-0.4172654,-0.10612806,0.01721278,-0.66077465,-1.1539124,-0.064385414,-0.09472854,-0.083337754,0.003384089,-0.056122426,0.078163445,-0.12673776,-0.34951353,0.00025415904,-0.0026902577,0.0
0.041558374,-0.017143534,0.090376094,0.0026244225,0.037426166,-0.05022192,0.03194895,-0.0473454,0.009641529,0.0011744427,-0.17998606,0.00092158257,0.021902207,-0.17147791,-0.043975364,0.089718394,-0.014564689,-0.22130817,0.6288004,0.18432486,-0.074401625,-0.10416203,-0.17010972,-0.0352389,0.35935062,-0.121188976,0.82979965,0.016118472,-0.2561728,-0.10045387,-0.017033186,-0.06271601,0.0041935714,-0.099328734,0.69988817,0.16011679,-0.09560283,6.340944e-05,-0.0038014012,0.0
-0.06390665,0.0038871458,-0.12505859,0.008006573,0.03638489,-0.05156025,0.04513189,-0.13405463,0.008572942,0.0014074943,-0.19273245,0.0004606469,-0.111303404,0.03242123,0.022306694,-0.45307794,0.19744165,0.11986662,-0.022858806,-0.2980875,-0.31549403,-0.0034223157,-0.020527784,-0.018360743,-0.019139364,-0.10586914,0.1747189,0.31882977,-1.1929077,0.01473328,-0.12513399,-0.05012104,0.004184268,-0.061425675,-1.1495472,0.089507125,-0.04278538,0.00028338123,-0.0024236515,0.0
0.022055175,0.0073106056,0.03717732,0.008012152,0.041493896,-0.053672854,0.024861224,-0.09071086,-0.06904024,0.0022980003,-0.16249281,0.0004206861,0.025836876,-0.020935986,0.020387407,-0.4261529,0.20361233,0.12124138,-0.30619612,0.16192356,-0.44448012,-0.01695716,-0.05324983,-0.022867251,-0.266911,-0.09804757,-0.3583444,-0.24846101,-0.4686257,-0.04189223,-0.15591541,0.040081404,0.0026027276,-0.24554539,-1.1782537,-0.050941,-0.023293713,5.815976e-05,-0.0045804977,0.0
0.0003415652,0.019202055,0.026515353,0.012309291,0.024013218,-0.0730933,0.058549464,-0.11200617,0.00843868,0.0024291303,0.27257887,0.0019301684,0.031713545,1.3844901,-0.05569693,0.20100792,0.05162918,-0.47066545,0.2354205,0.08074445,-0.35856742,-0.10107244,-0.13363653,-0.011044887,0.14708227,-0.08357443,-0.41457042,0.11550532,-0.482945,-0.022697285,0.30568445,-0.03449753,0.0049148076,-0.06353496,-0.68538076,-0.08214207,0.28481084,0.00011443191,-0.0067857224,0.0
0.023376632,0.14386405,0.055419557,-0.0053616823,0.014721998,0.040125195,0.021587381,0.3243232,0.027395556,0.002844878,-0.15275852,0.00044555392,0.022383632,0.042628866,0.036531907,0.11057427,-0.03820733,-0.17826039,-0.019839706,-0.09819172,-0.35409045,0.052655462,-0.11172985,0.007915635,0.11531871,-0.111748695,0.74381566,-0.2588205,-1.2634609,-0.066068955,0.033689097,-0.03478769,-0.00027843515,-0.15977214,-1.0700088,0.29908413,0.014953111,9.501921e-05,-0.00262708,0.0
0.02277378,0.01619858,-0.14823648,0.007028533,-0.15557909,0.055688806,0.020376353,0.16274968,-0.10716403,0.0021130443,-0.1853306,0.00024280604,0.03643769,-0.1682251,0.02380372,-0.4703418,0.16735096,0.101926476,0.48196098,0.1895127,-0.27276534,0.044639073,0.106002316,0.0042086346,0.0889645,-0.09564106,0.39581394,0.07871591,1.7392356,-0.0026608831,-0.20530525,-0.02594365,0.000345241,-0.057368513,0.49182677,0.18262942,-0.10665944,0.00011443191,-0.0042264718,0.0
0.0097519355,0.082684875,0.021778258,-0.005088657,0.02343392,0.040508565,0.031054951,-0.060167253,0.016156066,0.0014863715,-0.16525875,0.00073084934,0.017049193,-0.24609572,0.025091523,0.1635363,0.018465888,-0.403273,0.20198382,0.19702438,-0.036576554,-0.031215437,-0.19688256,-0.072188295,0.19654775,-0.12353603,0.39988664,-0.31463063,0.2592938,-0.07896326,-0.21573901,-0.028385028,0.0025354312,-0.16841185,0.042651843,-0.012425031,-0.34916267,9.501921e-05,-0.0040660794,0.0
0.022710605,0.00787457,0.07759925,0.0076488405,-0.017339762,-0.04912627,0.034946416,-0.0880571,0.0056145806,0.0035296304,-0.19920178,-0.00030466187,-0.20699741,0.19461079,-0.0016302936,0.10792315,-0.01734389,-0.24631785,0.56974524,-0.015721506,0.06527343,0.0048187478,0.1511787,0.031207517,0.2597029,-0.08991763,-0.21394448,0.19028202,2.3328075,-0.0020233227,-0.05915428,-0.06100156,0.0019304906,-0.059239075,-0.4340535,-0.099810705,0.0085215885,0.00025415904,-0.0049402914,0.0
-0.050585408,0.025034955,0.0052928105,0.011575401,0.024434138,-0.071432434,0.02692395,0.084530964,0.009213842,0.0013877061,0.22241774,0.0019899704,-0.03811521,-0.2880275,0.017724719,0.093237445,-0.014830875,-0.2670122,-0.34442407,-0.12757552,-0.2256261,-0.022886232,-0.06571946,-0.0030331223,-0.16864215,-0.09832004,0.3455134,-0.27652413,-1.3282815,-0.012849858,-0.26240993,-0.029500058,0.004057791,-0.075545296,0.03371415,0.11841951,-0.19654393,0.00025415904,-0.0034420455,0.0
-0.08324158,-0.019836323,0.044120543,0.013898414,0.013564796,0.02479297,-0.23417412,-0.026184706,0.006503873,0.002162844,0.18923375,0.0022858668,-0.12369048,-0.31705874,0.022044834,0.018096436,-0.007071299,0.18819274,-0.6870759,-0.08719976,-0.36534083,0.011741497,-0.10833303,-0.10226918,-0.12201726,-0.09987607,0.006842346,-0.064427175,-1.2424306,-0.16817734,-0.24994715,0.053123936,0.0014338944,-0.06311462,0.047498707,-0.068362094,-0.4958013,0.00011443191,-0.0034959167,0.0
-0.13835257,0.004844901,0.0013244702,0.008338741,0.00085959444,-0.07026287,-0.014598629,-0.10802621,0.0070804916,0.0028739297,-0.17336226,0.0004606469,0.108355686,-0.3357938,0.025597747,0.18291532,0.071698375,-0.42626104,0.16366893,-0.0054951617,-0.17886004,-0.00068522815,-0.1108273,-0.0038171276,0.06144368,-0.114753,-0.30477282,0.04593211,-1.1557589,-0.030899584,-0.26075074,0.029777296,0.004115222,-0.09421382,0.061182227,0.103519216,-0.23286246,0.00011443191,-0.0032876362,0.0
0.029931322,-0.068800434,-0.011546403,0.009015129,0.0678158,-0.02593733,-0.1332517,-0.11938832,0.0060592615,0.0017402099,-0.14606315,0.0006759215,-0.12720573,0.01233587,0.0063842703,0.03546277,0.10634875,-0.25824422,-0.5330765,0.12911166,-0.16050422,-0.017618252,-0.17687115,-0.010508076,-0.37949428,-0.1085485,0.0025918207,-0.22236961,-1.1158583,-0.107844435,-0.08781339,0.067934304,0.0022825415,-0.1913157,-1.1500484,-0.09327325,-0.06982318,5.815976e-05,-0.003021757,0.0
0.009509922,0.008462227,0.083646655,0.008000775,0.0058913575,-0.034729198,0.053521864,0.23247045,-0.092058316,0.0024340504,0.16303742,-0.026030285,0.014083166,-0.3364509,0.010718988,-0.0026640182,-0.024225814,0.12634508,-0.64984804,-0.37068397,-0.06060087,-0.09944488,-0.08062049,-0.039702054,0.31495443,-0.104953125,0.0061840243,-0.6956346,-1.1524438,-0.06424902,-0.078667685,-0.029326221,0.00012654628,-0.05772743,0.14267981,-0.12244196,-0.18233365,0.00025415904,-0.0035291659,0.0
0.032716874,0.0040892716,0.066285744,0.0064036227,0.037422538,0.04723612,0.044130884,-0.055949412,-0.009422539,0.0005132166,-0.20046984,0.0009471813,0.016581986,0.083193794,0.0064499932,-0.16912754,0.03095877,0.11572182,-0.3723647,0.20115346,-0.42855972,0.0033633881,-0.18237908,-0.07606067,0.28475475,0.5705102,0.298073,-0.34995276,-1.2704146,-0.06459106,-0.0527404,-0.057476513,0.0006494062,-0.08036638,-1.1246129,0.24489553,-0.07709848,0.00011443191,-0.002437514,0.0
-0.042038668,-0.011349906,0.03726207,0.008219981,0.0685116,0.011415651,-0.06559611,0.06244228,0.0034159797,0.0015381951,-0.13555145,0.0005601094,-0.11275396,-0.55325437,0.021362657,0.01801508,-0.028418377,0.11754385,-0.5852805,-0.039799917,2.7783883,-0.01194489,-0.022301804,-0.03083359,-0.58348393,-0.0653186,-0.13344054,0.068367,-0.61069715,0.2066418,-0.20379585,0.06269981,0.0011552466,-0.034442373,0.9042333,0.33317733,-0.13434629,0.00011443191,-0.0020383648,0.0
-0.057863627,0.020930542,0.01938454,0.008585879,-0.009797147,0.03360308,0.026843201,-0.11667923,0.009017385,0.002958274,-0.19210653,0.00055777124,-0.068346255,1.4870622,-0.042428795,0.047684427,0.087011434,-0.24168661,-0.47044185,-0.17301826,-0.0015446312,-0.008836589,-0.05413195,0.01206802,-0.41739622,-0.09378025,0.2335347,-0.6691188,-0.855598,-0.069946036,0.40439382,-0.03333191,0.0011366298,-0.05950469,-0.551231,-0.10072309,0.1411539,0.00011443191,-0.0029337609,0.0
0.015668657,0.006193667,0.021563325,0.0063581727,0.025672717,0.060037047,0.043004848,0.12851256,0.0125495335,0.0017950839,-0.2139544,0.00036868485,0.020089904,1.3205813,-0.06454014,0.054404918,-0.034144077,0.1216511,0.44844005,-0.2446984,-0.16550611,-0.020384103,-0.059754856,-0.012141596,0.29001063,-0.10921547,0.30257878,-0.088305935,-1.0624397,-0.0016342113,0.3755739,-0.059313003,0.0017642892,-0.073145695,-0.63080895,0.060968757,0.30269304,0.00025415904,-0.002660005,0.0
0.01701084,0.010088088,0.021495413,0.008387516,0.0526388,-0.036434412,0.010360659,0.24140288,-0.00017662521,0.0022911774,-0.10647107,-0.00039654947,0.09851821,-0.36637524,0.018337732,0.17566718,0.06428439,-0.32450765,-0.6058131,-0.38853353,0.08789181,-0.023210665,0.13053204,0.00276631,-0.36095437,-0.09874955,0.008819437,-0.025687298,-1.1573747,-0.026650842,-0.06995749,0.049228966,0.00041255087,-0.20549467,0.14646518,-0.10054229,-0.06809741,5.815976e-05,-0.0025512688,0.0
0.011595811,0.005769953,0.00045833335,0.014784484,-0.017915096,0.026452798,0.024532532,-0.11663606,0.009095977,0.0026473554,0.17242081,0.0004090576,-0.16596341,-0.26544186,0.027616441,-0.4211997,0.19721565,0.16129284,-0.70365924,-0.02966841,-0.039522804,-0.0143202,0.14962249,-0.014670756,-0.33953643,-0.10075538,-0.3951062,-0.7414579,1.1682136,0.011412807,-0.22772759,-0.048747044,0.0016733843,-0.03845019,0.07524954,-0.1793432,-0.4449266,0.00011443191,-0.004799104,0.0
0.03375112,0.010563489,-0.10824562,-0.019564666,0.012684671,-0.092569314,-0.10223199,-0.15168922,0.0019112662,0.0018515593,0.21191224,0.0004929675,0.016603474,0.08674903,-0.10069709,0.058433633,-0.03431442,0.14581671,0.6336151,-0.34273955,-0.42577547,0.07125091,0.08511643,-0.044616185,-0.10730304,-0.110150166,0.14325725,0.65300506,-1.2888578,-0.016488625,-0.028703464,0.09367628,-0.19632104,-0.07071876,-0.9191012,0.21107554,0.3366458,0.00028338123,-0.0034783282,0.0
-0.01995581,0.06422818,0.09924249,-0.00038598126,0.03806052,0.04603264,0.033956368,0.13775016,0.012592125,0.0020590723,-0.22728767,0.0009861004,0.022108158,-0.22711591,0.025372926,0.037380245,-0.048781667,0.17230275,0.5635721,0.20916085,0.03440296,0.037939597,-0.1471591,-0.0036438485,0.38849974,-0.112099655,0.13784581,0.18297559,0.9051797,-0.061284915,-0.029310351,-0.02922056,0.0021598306,-0.053784415,0.2971041,-0.092666164,-0.18875319,0.00025415904,-0.0049375207,0.0
0.012499411,-0.052616913,-0.17717054,0.009259895,0.024033,0.048468422,0.019438265,0.12780258,0.014188571,0.0030653556,0.2477572,0.0020420682,-0.09014199,0.9413037,-0.05199545,-0.46038416,0.19949198,0.10281992,0.5964914,0.14624551,-0.26176393,0.0432833,0.09673174,0.014867213,0.2755974,-0.07322184,0.00050791854,0.15010545,1.7856935,-0.019247007,0.3323001,-0.046952773,0.0011257925,-0.062724516,-0.65013415,-0.049473524,0.37145635,0.00011443191,-0.004316286,0.0
-0.0767302,0.014881076,0.009283673,0.0007911881,-0.09595257,-0.022181423,0.0076325904,0.4693181,0.034418337,0.0017717057,-0.08122895,0.00043320286,0.031531494,1.3177216,-0.03345867,0.15534095,0.04642123,-0.34111595,-0.6215175,-0.23451422,-0.41187257,0.018273024,-0.027192608,0.0074720783,0.5232885,0.38267222,-0.34493652,0.6578387,-0.9223518,0.008788557,0.40388256,-0.05993296,-0.00021691903,-0.11791567,-0.7365108,-0.08442369,0.2597705,0.000102727914,-0.005899839,0.0
0.019774178,0.009504827,-0.1219985,0.0077521093,0.049061943,0.037779123,0.022473179,-0.08864766,0.0076207547,0.0016271244,-0.1919559,0.0005066933,0.02807191,0.039067026,-0.07147956,0.16665116,0.05103393,-0.3674795,0.53676224,0.17068747,-0.32937416,-0.02221844,-0.14271958,-0.00089289556,-0.11382958,-0.12267182,-0.36114416,-0.16459686,0.30703738,-0.051732305,0.031668566,-0.032128777,0.0028235824,-0.06458672,-0.9868388,-0.09542202,0.023453474,0.00025415904,-0.0032888793,0.0
0.030133942,0.0079588415,0.020301858,0.01376757,-0.12941971,-0.048957497,0.023947427,0.22115767,0.022561077,0.0013838138,0.1529188,0.0023336634,0.00020028697,-0.540926,0.022745572,0.17757177,0.02567068,-0.3306833,-0.7066949,0.14247845,-0.15638493,-0.02093935,-0.20810695,-0.06145897,-0.13012756,-0.11622062,0.2513075,-0.7594506,-1.3974537,-0.17913492,0.13488887,-0.03159373,0.0011750377,-0.083419465,1.0146265,-0.015761651,-0.27000344,0.00011443191,-0.003046643,0.0
0.026176073,0.088125296,0.019507539,0.0034264543,0.004885579,0.050251406,0.04860755,-0.063152686,0.0034803208,0.0003759114,0.15732309,-0.006027839,0.0022571478,-0.20608164,0.023203053,0.17504749,0.058312576,-0.38047805,0.7279658,-0.06738819,-0.22692247,-0.0037366464,-0.054842457,-0.03533997,0.6784649,0.65302765,0.44798836,0.34263724,-1.2451382,-0.043843165,-0.233066,-0.015466275,0.0020334364,-0.10586117,0.11859658,0.20661409,-0.2926554,0.000102727914,0.06584505,0.0
-0.09784567,0.011234083,-0.00206958,0.015349951,0.0036012037,0.053876866,0.022550393,-0.08899718,0.009987078,0.0027757194,0.29972088,0.0017909566,0.033811115,-0.31454393,0.024542814,-0.23161703,0.02645692,0.14064243,-0.27196622,-0.29717964,-0.3578646,0.0399789,-0.0588427,0.02432206,-0.32901204,-0.09757099,0.104984894,-0.70186883,-1.2569678,-0.0061423294,-0.25429305,0.011783806,0.00113975,-0.04740519,0.07651686,-0.027917566,-0.15459107,0.00025415904,-0.0030099037,0.0
0.038266286,0.04515074,0.0018192526,-0.0056046024,-0.22658722,-0.07064555,0.052065276,-0.10374625,0.00662102,0.0027993491,-0.2015414,0.00034131526,0.106458664,-0.25156155,0.028317533,-0.42041424,0.18128745,0.11107644,0.51469505,0.17797849,-0.15298118,0.06591642,0.0045088204,-0.0065943454,-0.20922498,-0.117422804,-0.3388769,-0.2440662,-0.069159,-0.024228975,-0.2330238,-0.029794266,0.0036865897,-0.050402313,0.24073078,-0.09200737,-0.2591568,0.00025415904,-0.005164333,0.0
-0.083851546,-0.00044281856,-0.013033498,-0.01814391,0.030697713,0.045481224,-0.14906582,-0.11124483,0.005026138,0.0019163161,0.1804794,0.00061365677,0.0094931545,-0.012835242,0.029340437,0.19063443,0.043974485,-0.45769396,0.021034079,0.10913291,0.010159167,0.013331804,-0.13071972,-0.0050140982,0.015101811,-0.12219495,-0.8906965,-0.63051194,-1.0077871,-0.14976045,-0.1686808,0.11272685,0.0025268202,-0.07974654,-1.0613909,-0.2393655,-0.20629348,0.00025415904,-0.007920073,0.0
0.015002568,-0.13107194,0.03231257,0.0076821353,-0.009482579,-0.040318422,0.04004006,0.37048015,0.020778216,0.0017993421,-0.1762666,0.0013393809,0.018414369,0.06659658,0.008811626,0.08942064,-0.022682969,-0.21423937,0.41149977,-0.1448838,-0.077871345,-0.10893777,-0.057238694,-0.0037486209,-0.22515272,-0.11107938,0.2604924,0.7791516,-1.229494,-0.029888164,-0.056759905,-0.060339708,0.0014142939,-0.11376842,-1.1562133,-0.055010177,-0.021640489,7.233865e-05,-0.0033446457,0.0
0.051768776,0.058536332,0.08244583,-0.0044861706,0.039199833,-0.015098,0.02595625,-0.071883194,0.011482815,0.0022851555,-0.14024457,-0.000424541,-0.13126068,-0.5461769,0.025287224,0.09928677,-0.014490019,-0.23449583,-0.6002769,-0.1722192,-0.07886745,-0.0014872182,0.14717917,-0.017212268,0.14567846,-0.09977646,0.16489963,-0.7810254,0.15387215,0.015771054,-0.18035993,0.036282193,0.0030503846,-0.16021724,1.0206171,-0.11976433,-0.2070001,9.501921e-05,-0.004672213,0.0
0.025267662,-0.0039029536,-0.106670156,0.007693668,0.020604037,-0.017217688,0.0009224902,-0.023883916,-0.055797312,0.0012488461,-0.13699937,0.00076356984,-0.160257,-0.27505332,-0.0066088154,0.16924463,0.05810609,-0.29717675,-0.5283384,-0.17306204,2.719818,-0.014418504,-0.066229835,-0.028298538,-0.54708683,-0.085112594,0.6399783,-0.6078861,-1.0843049,0.0064552682,-0.058600258,0.044978224,0.0029671958,-0.038180243,0.110290386,0.5306075,0.082139224,0.00011443191,-0.0019328651,0.0
-0.13029689,0.018449137,0.022555262,0.007960583,0.018485468,0.052476782,0.037848495,-0.118931144,0.010034971,0.0017164972,-0.21924058,0.00046035385,0.025941797,-0.264882,0.025026603,0.022562467,-0.024829606,0.17071031,0.11654935,-0.022798298,-0.40310544,0.005147949,-0.17785966,-0.049723487,0.18195406,-0.116189495,0.3211871,-0.7292732,-1.2579882,-0.053757485,-0.2476579,0.038367715,0.0022583918,-0.07724752,0.015289275,0.30048436,-0.34125882,0.00011443191,-0.0028030183,0.0
-0.06431593,-0.02710741,-0.005571585,0.012358284,0.007197094,0.054609835,0.0579287,-0.11304905,0.012031021,0.0027938073,0.28849974,0.0024169958,0.031361688,0.026440997,-0.09161702,0.1312375,-0.017057229,-0.284793,0.5266592,-0.34643468,-0.09066239,-0.0058702533,-0.07200932,-0.037363227,-0.19675307,-0.12474907,0.19345342,-0.1309641,-1.0514983,-0.06700364,0.0021138724,-0.046315793,0.0023451718,-0.060134552,-0.95603836,-0.11194284,0.023811307,0.00011443191,-0.0031026248,0.0
0.020088287,0.0048669716,0.043549955,0.009891816,-0.038766924,0.0025489898,0.0102446815,0.31049776,-0.0051280824,0.0028364705,0.14475738,0.0018863212,-0.18126373,1.2538025,-0.035245303,0.15715067,0.044967785,-0.34197247,-0.5463351,-0.045122277,2.7289276,0.017906025,-0.030911181,-0.059033487,0.33809897,0.21661998,-0.21819504,0.9319717,-0.8263074,-0.062726066,0.40607277,0.0026573208,-0.0013226303,-0.046405416,-0.7404435,0.3073592,0.29881892,0.00014365409,0.05317722,0.0
0.040478546,0.027265744,-0.111146994,0.008035795,-0.004085278,0.033236608,-0.16249983,-0.13702144,0.0021112214,-0.057468746,-0.1500538,0.0006691335,0.025298078,-0.022694442,0.020313457,0.021323437,-0.029814221,0.1382919,0.011925189,-0.3528201,0.027328562,-0.04740475,-0.09780901,-0.00969314,-0.23390043,-0.108876966,-0.38436335,-0.6912513,-1.1237367,-0.11248866,-0.19462927,0.103326105,0.0017773268,-0.06471827,-1.1575772,-0.24353191,-0.4609277,0.00025415904,-0.004103131,0.0
-0.04779185,-0.01730258,0.026311137,0.008209584,0.0437477,0.03891876,-0.16561458,-0.11856044,0.005304343,0.001098861,-0.18153335,0.0007425712,0.023022288,0.027668908,-0.08974181,0.017673664,-0.012154957,0.14841236,-0.5728896,-0.014804958,-0.3524547,-0.0144318845,-0.1394218,-0.044001,-0.112238795,-0.10999008,0.26712632,-0.5951866,-1.292789,-0.09214068,0.03558154,0.14204997,0.0024905587,-0.07549599,-0.9930807,0.14082104,0.056947358,0.00011443191,-0.00261398,0.0
-0.08347002,0.0050070034,-0.11872422,0.014741374,-0.04724957,0.028943412,0.03148803,-0.042194024,-0.006716922,0.0018848751,0.21299762,0.0017934476,-0.16666792,0.027606608,0.025406599,0.17103049,0.054472823,-0.3586126,0.16024542,0.090295695,-0.15139724,0.011466736,-0.19045104,-0.05939613,-0.2959706,-0.11868737,0.3997835,-0.21193008,-1.2456925,-0.1502419,-0.11121002,-0.030337665,0.0015624156,-0.057500593,-1.0898278,0.019079106,-0.43179557,0.00011443191,-0.00306986,0.0
0.045984566,-0.09076392,0.015049255,0.008759255,0.045292914,-0.00757054,0.06590363,0.27630168,0.016177285,0.0008698993,-0.14653684,0.0005023797,-0.11829824,-0.2895675,0.022377644,-0.15761548,0.044592418,0.1139247,-0.6214683,0.1309214,-0.07990938,-0.007005116,-0.14467151,-0.014044502,-0.44590294,-0.114939176,0.28801164,0.61610395,-1.2578063,-0.046786133,-0.0442674,-0.058738682,0.00035291348,-0.066525795,0.08156713,-0.036571648,-0.18678017,0.00014365409,-0.003650853,0.0
-0.101799294,0.061878458,-0.1073039,-0.019493353,0.022405395,0.05062479,0.029582806,-0.12885435,-0.0063951537,0.0017924622,0.17223524,0.0013646879,-0.009979981,-0.29696035,0.027188135,0.06368316,0.07375052,-0.2916845,0.4974042,0.08645114,-0.2183847,0.030219965,-0.23117577,-0.037316665,-0.022423437,-0.12622863,-0.024569307,-0.701224,-1.2153983,-0.134886,-0.25116608,-0.054107524,0.0031963827,-0.23709464,0.08509999,-0.08217056,-0.44137323,9.501921e-05,-0.0042855055,0.0
0.01388151,0.0069769174,0.0842617,0.014825672,0.041514035,-0.047683693,0.04132433,-0.1308733,0.012613906,0.0018310634,0.26320618,0.0022537068,-0.13710853,-0.0004642969,0.02118715,0.07573146,0.08910544,-0.32568493,0.01586699,-0.053976096,-0.21929425,-0.011407333,-0.11066926,-0.072732665,-0.1942261,-0.1070357,0.17021583,-0.7373664,-1.159085,-0.13545628,-0.17197241,0.032138787,0.0035193965,-0.0589422,-1.1464485,-0.066609494,-0.40154666,0.00011443191,-0.0033051497,0.0
0.017229874,0.00696224,0.017864427,0.013018762,-0.007621327,0.05934773,0.03027428,0.053599816,-0.093225345,0.0032483488,0.15137662,0.00033279328,0.031345412,-0.3510739,0.022991206,0.047748044,0.069765806,-0.33095568,0.16541941,-0.26577398,-0.42443034,0.04312422,0.073075585,-0.02621787,-0.2197197,-0.11337055,-0.92647904,-0.3537305,-1.0791326,0.009209642,-0.28811136,0.0540856,0.0016706998,-0.07389903,0.112549335,-0.24757004,-0.14338803,0.00011443191,-0.0064031733,0.0
0.019674808,-0.0011363665,0.004788224,-0.012764305,0.02968688,0.063639924,0.026974581,-0.09963982,0.014853445,-0.044553846,0.17410721,0.0004929675,0.025060756,-0.17367628,-0.029503841,0.019477468,-0.04021156,0.14863229,0.61026347,-0.21031015,-0.25442955,0.004371554,0.09585303,0.026378566,-0.04553084,-0.08461208,0.36816475,0.42657006,2.0116832,0.0031483613,-0.023306288,-0.04371479,0.00054802734,-0.26303062,0.56952655,0.16747813,0.21837929,0.000102727914,-0.0039034502,0.0
-0.028428152,0.017153958,0.104626425,0.014014558,0.0037580477,-0.08784044,-0.081962295,0.09680081,0.016016074,0.0031222557,0.2292187,0.00045562116,0.021136045,-0.31491253,0.021509103,0.029650226,-0.031948186,0.17574385,-0.40622675,-0.16115445,-0.3854986,-0.008954787,0.07745282,-0.04069272,-0.10069062,-0.0900579,0.17142497,0.13731062,-0.98733485,0.005255328,-0.25726736,0.053063877,0.0034352473,-0.05650946,0.10367491,0.013086568,-0.10305262,0.00011443191,-0.004073012,0.0
-0.03334151,-0.072710074,0.0537777,0.013484532,-0.010408135,0.042916823,-0.09096732,-0.07726584,0.0049942974,0.0034446476,0.19389336,0.0023025193,0.029937278,-0.54550666,0.021312369,0.09293207,-0.02235892,-0.27310443,0.65801203,-0.0047466336,2.6932068,-0.07416916,-0.07824086,-0.056273494,0.15638919,-0.07334133,-0.038792934,0.6182908,-0.9600367,-0.022471657,-0.30603933,0.08470912,0.0011705059,-0.046590388,0.998171,0.2183336,-0.37695596,0.00014365409,-0.0019006053,0.0
0.021409314,0.052756988,-0.007190223,-0.0042999587,-0.15838036,-0.056830693,0.02495985,0.37198958,0.01248841,0.0024420228,-0.1495189,0.00041931638,-0.06776453,-0.4223303,0.02065,-0.44082403,0.15569936,0.07577605,0.06036448,0.38550067,-0.15354457,0.008414357,0.064852886,0.038248666,0.51763654,0.43505517,-0.095786735,-0.63286865,2.377984,0.05415063,-0.15180552,-0.038235378,-0.050442457,-0.07032547,1.1024015,-0.069161184,-0.08470553,0.00025415904,-0.004421289,0.0
0.04258502,0.016403317,-0.13305297,0.007035522,0.01369871,0.046855025,0.01938672,-0.13778026,0.022560295,0.0032732831,-0.10638029,0.00042600054,-0.112125196,-0.12276183,0.024511361,0.16302165,0.02262226,-0.2982524,0.44971603,0.16662328,1.8558223,0.107958734,0.08406156,-0.030209009,0.0024127692,-0.061704013,0.31293648,1.1919166,1.8544796,1.1952723,-0.11202134,-0.1657296,-0.081226535,-0.11959764,0.7471994,0.33122393,-0.01907297,0.000102727914,-0.0028624155,0.0
0.01721142,0.011831196,-0.0028827705,0.0048253406,0.007041521,-0.06048431,0.024176842,-0.030339673,0.0070094313,0.0022662818,-0.14777237,0.0003720031,0.026731731,-0.32877195,-0.024131695,0.055249657,0.088590816,-0.25728565,-0.35438088,-0.33920428,0.02782298,-0.007984337,0.15458122,0.008610556,-0.341396,-0.106729425,0.6546236,-0.2765641,-1.3012261,-0.054821704,-0.07619685,-0.12011351,0.0027032667,-0.05425972,0.11050868,-0.07736648,-0.11888335,0.00011443191,-0.0023428947,0.0
0.027173076,0.008750139,0.112767205,-0.013272553,0.005294671,0.04602545,-0.06451528,-0.13300785,0.010870946,0.0009798442,0.22388767,0.0004929675,-0.08927761,0.10105565,0.018365826,0.046179827,0.071297586,-0.31101173,0.20043784,0.14965776,-0.475117,0.07333085,0.13899961,0.014086425,0.36873302,0.546732,-0.14905979,0.14537017,1.3836869,-0.0127379885,-0.12258382,0.06529158,-0.0021596372,-0.06537647,-1.1807818,0.1009514,0.042924277,0.00025415904,0.10112819,0.0
-0.09974672,-0.12467171,-0.089899756,0.0075187422,-0.1127651,-0.048770886,0.008389861,-0.079360075,-0.007804975,0.0009759406,-0.1508974,0.0013254944,-0.14551395,-0.27644888,0.020276986,0.17642935,0.026223209,-0.36222413,0.0061366516,-0.10621681,-0.17006637,-0.014765339,-0.09072821,-0.035744708,-0.13684218,-0.11319768,0.31277138,-0.7036744,-1.274507,-0.08345398,-0.23501278,0.008280564,0.0044551194,-0.15693137,-0.0020516028,0.102872476,-0.34759971,5.815976e-05,-0.0033864074,0.0
0.023126129,0.03448622,-0.00032065733,0.013459673,0.023822714,-0.086836815,-0.088329405,-0.106667824,0.0030906561,0.0022336964,0.16034621,0.0018727279,0.008563359,-0.5175587,0.027119707,0.1883058,0.08356556,-0.4102353,0.9486049,-0.09736708,-0.39938483,-0.00570289,0.01509201,0.020516932,-0.12962668,-0.10893911,0.18662818,0.09458218,-1.1076702,-0.0072705173,-0.2567216,0.05457429,0.0032783025,-0.07138913,1.2612755,0.2230571,-0.25019726,0.00025415904,-0.0027943212,0.0
0.030645657,0.075727165,0.023678554,-0.0019306266,0.06284007,-0.021969702,0.043201152,-0.11746066,0.0064584347,0.0013870528,-0.12528916,0.00017925027,0.013981383,-0.5781108,0.027825672,0.09395112,-0.011522581,-0.23043886,-0.50597763,0.18044911,-0.12180763,0.015885698,-0.11927658,-0.058040556,-0.3098987,-0.09903035,-0.087555446,-0.75959665,-0.14084339,-0.07468232,-0.19624294,-0.024467163,0.0023315165,-0.11361876,1.0512223,-0.12077558,-0.33355606,9.501921e-05,-0.0033202202,0.0
0.026970165,-0.007328406,-0.00023237822,0.0052934033,0.039067723,0.031067502,0.020687962,-0.15704517,-0.0020187905,0.0021585198,-0.11898606,0.0014748969,-0.023797648,-0.44772878,0.026141765,0.083919056,0.02010354,-0.22548635,-0.55297494,0.29282907,-0.0046276515,-0.041921824,-0.057877522,-0.001435707,0.005740168,-0.09707126,0.35489866,-0.75215644,2.5081906,-0.048386738,-0.16161309,-0.049481776,0.0008206239,-0.109148294,1.1008333,-0.079441994,-0.36266616,5.815976e-05,-0.0040062163,0.0
0.040882505,0.023691773,0.003013304,0.012912476,0.017312786,0.061057273,0.028768018,-0.07765243,0.008277883,0.0032400584,0.19974004,-0.016032584,0.030558828,-0.2787744,0.026149422,0.057525728,0.0892575,-0.33361542,0.6188721,-0.05402978,-0.40313032,0.043880094,-0.11681944,-0.0048306687,0.20864987,-0.11402596,0.036131438,0.56879973,-1.2487212,-0.04071652,-0.25894445,-0.009681514,0.0028133132,-0.08005939,0.12329067,-0.060392108,-0.35121438,0.00028338123,-0.0035971897,0.0
0.025544781,0.006255578,-0.00052618724,0.014866504,0.06594214,-0.04864093,-0.06941385,-0.049346607,0.0074919485,0.0020313177,0.16518548,0.00063100073,-0.11342844,-0.012505254,0.023823583,-0.2286722,0.060241785,0.15673287,-0.5954121,-0.06553233,-0.36455673,0.014276249,-0.08634399,-0.08404111,0.251313,-0.10723336,-0.7842866,0.13403398,-1.2401512,-0.029321786,-0.1514945,0.051606137,0.0032989006,-0.07941154,-1.1388323,-0.12394239,-0.1665059,0.00011443191,-0.010186449,0.0
0.0068719736,0.06005288,-0.015595609,-0.016537216,0.055928558,0.040567905,-0.14486983,-0.08879038,0.0015724583,0.0025540325,0.2088122,-8.2273385e-05,0.018472185,-0.44417325,0.023981366,-0.2141003,0.04035449,0.103645645,-0.13730055,0.31251752,0.008881636,-0.017055213,0.20238468,0.0041687083,0.11785901,-0.085626595,0.22890054,-0.40013108,2.5085263,0.041226137,-0.1356214,0.09985361,0.0016579691,-0.05315094,0.9808124,-0.059432115,-0.22987863,0.00025415904,-0.0057816277,0.0
0.019154945,-0.0024577645,0.089771815,0.005979439,0.008395507,0.05380201,0.027068296,-0.119593516,0.0109493965,0.0028310143,-0.21003613,0.00054629915,0.031999197,-0.1722199,0.02515788,0.05497387,0.042528536,-0.28869897,0.66321576,-0.1773898,0.049886163,-0.010534905,0.12501779,-0.024318628,0.34815493,-0.1063769,0.23205127,0.41740337,0.047556173,-0.029773809,-0.18716179,0.025715895,0.0019669144,-0.21145166,0.43466422,-0.07854424,-0.26565364,6.586846e-05,-0.004285355,0.0
-0.027697857,0.006880688,0.103771396,0.01280664,0.002504123,-0.0817876,0.0607436,-0.057970773,0.007713635,0.0019108049,0.24768738,0.0020364064,0.01175047,-0.014564372,0.031914853,-0.24641864,0.042678468,0.14480576,0.17663184,-0.2916007,-0.06720412,-0.06898422,-0.039764926,0.0048062564,-0.21231002,-0.10566122,-0.36396608,0.35037163,-1.2882105,-0.039967023,-0.15031499,-0.029443443,0.0030677237,-0.06499862,-1.1773834,-0.1087099,-0.077072814,0.00014365409,-0.003406133,0.0
-0.1299258,0.010565258,0.023850504,0.0077595795,0.06361406,-0.06714115,0.029658433,0.32419148,0.015974782,0.0020025072,-0.16626944,0.0003437038,0.017391978,0.01131092,0.04389766,0.06962299,-0.053913057,0.116488814,0.4226474,-0.31521395,-0.16525193,-0.010807902,-0.046684608,-0.012635066,-0.27529562,-0.1149592,0.14392498,0.2846913,-1.171964,-0.041602857,0.025756912,-0.038942635,0.0014780136,-0.18946429,-1.0423387,-0.056380205,0.0047875396,0.000102727914,-0.0028594933,0.0
-0.03453053,-0.07356481,-0.0069114454,0.009499966,0.0015097153,-0.07442855,0.023216272,-0.06594262,0.009780044,0.0016672366,0.15946402,0.0027375754,-0.037795503,-0.5493157,0.022570709,0.049114004,0.045749485,-0.25807467,0.20053025,-0.15434885,-0.06128426,-0.010725247,-0.068789,0.0018493631,-0.15322393,-0.100622244,0.64073646,0.31915897,-1.3365824,-0.056552768,-0.2373138,-0.028570509,0.0034304783,-0.21184495,0.8019514,0.15570123,-0.27653685,6.586846e-05,-0.0037929814,0.0
0.023632666,0.0071005025,-0.029997887,0.014683786,0.0070686755,0.042682376,-0.011275806,-0.04092725,-0.04145751,0.0026342487,0.1589757,0.00054627436,0.056269802,-0.3845362,0.021372378,-0.1988443,0.03443742,0.08463606,-0.57709694,-0.19850866,-0.03817557,0.07504561,0.13520052,-0.008900813,-0.39962325,-0.09797364,-0.68217,-0.69608384,-0.7994432,0.7029046,-0.10725813,0.040220827,0.00024280907,-0.055772986,0.20326228,-0.2450365,0.006279237,0.00011443191,-0.0064756176,0.0
-0.0038674332,0.009379233,0.018639686,0.008877762,0.0041607926,-0.040115032,0.037689853,-0.12413107,-0.008739496,0.002755806,-0.15445422,0.0004749086,-0.0022607564,-0.30553207,0.019419165,0.11488556,-0.006216036,-0.23638497,0.12884502,-0.15141627,-0.16775887,-0.0084054675,-0.08681477,-0.041638788,-0.35487655,-0.11986543,0.22434846,-0.64891326,-1.0488497,-0.14166968,-0.23107047,-0.035879463,0.0032554155,-0.17440565,0.021439796,-0.082030505,-0.42298254,5.815976e-05,-0.0030003197,0.0
-0.13255851,-0.036948595,-0.139728,0.008156768,0.0071775354,-0.04694523,0.020847578,-0.057902995,0.009093496,0.0027912068,-0.18015917,0.00065178226,0.017165322,-0.3405682,0.027199395,0.049826466,-0.0605342,0.12864144,0.009595986,-0.019876925,-0.104142636,0.04684126,-0.13596094,-0.035518777,-0.3054758,-0.104132116,-0.023688817,-0.2962555,-1.1901425,-0.066922486,-0.2594943,-0.025633197,0.0035458654,-0.2453262,0.05200489,-0.0962834,-0.41898608,5.815976e-05,-0.0033918626,0.0
0.03061246,0.020074274,0.06667512,0.008077968,0.003392223,-0.06880126,-0.06623674,-0.13521877,0.004281655,0.0031393277,-0.12629446,-0.00052574655,0.0012805453,-0.2746828,0.017858336,0.16832599,0.023241526,-0.42219537,-0.6452879,-0.36419183,-0.4092952,-0.01597694,0.07405245,0.04394415,0.0736319,-0.09933562,0.1629576,0.15579976,-1.2902628,-0.06737135,-0.24148221,0.032778017,0.0029406964,-0.17275298,0.00978243,0.081157245,-0.39906302,9.501921e-05,-0.0031772368,0.0
0.03473959,-0.00015184174,0.010911941,0.010785052,0.035645083,-0.07835648,0.0193225,0.11570627,0.01445362,0.002668616,0.15572749,0.00040345397,0.025661454,-0.0679944,-0.051984504,-0.044425204,-0.007843288,0.14978299,0.20171554,-0.16885522,-0.44815806,0.082137875,0.07261695,0.023204172,-0.21917151,-0.10066799,-0.49715614,-0.5485416,-1.1138135,0.03300683,0.3231196,-0.07934217,0.0027821048,-0.2252221,-0.8214243,-0.101541735,0.39907897,9.501921e-05,-0.0042930916,0.0
-0.3033258,-0.0017246932,0.030750973,0.0111335525,0.07579622,-0.038684342,0.05925781,-0.106023096,0.007064458,0.002132975,0.15867074,0.0017058739,-0.006991653,-0.016972605,0.02441797,0.01826636,-0.022816084,0.18341687,-0.6049975,-0.36497766,-0.14547355,-0.06732446,-0.03700891,-0.01095175,-0.32391232,-0.10639934,-0.45214126,-0.1041442,-1.2321774,-0.048578866,-0.16583101,-0.04650112,0.0020688823,-0.0709556,-1.1708101,-0.11788117,-0.15256816,0.00025415904,-0.0036882898,0.0
0.031561244,0.0053440025,0.007458244,0.008784113,-0.0018789452,-0.046835426,-0.1384932,-0.067157164,0.003940997,0.002455098,-0.15674263,0.0007286846,0.024547504,0.0130301695,0.024860933,0.103879325,-0.01382256,-0.23955491,-0.54840094,0.0896674,-0.385878,-0.020338947,-0.16891429,-0.0886828,-0.0023071389,-0.10983497,-0.047601406,-0.50591636,-1.2117656,-0.09586365,-0.14492185,0.11342107,0.0019351722,-0.094284,-1.190164,-0.005056841,-0.061635215,0.00011443191,-0.0027332462,0.0
-0.18989766,0.033162605,-0.0347978,-0.01608092,-0.009654302,-0.054352123,-0.11332272,-0.15396051,-0.0038376977,0.002632118,0.1229492,0.0006481647,0.01775647,0.07546991,0.025128461,-0.19253759,0.046377003,0.12862988,-0.5161182,0.23090394,-0.1168095,0.0076668453,0.022511043,-0.0035310686,0.0894265,-0.0989335,-0.70225275,-0.71175575,1.9646994,-0.05666984,-0.1866983,0.09157743,0.0005248031,-0.13360824,-1.1961265,-0.20534974,-0.2748352,9.501921e-05,-0.007507118,0.0
0.024353424,-0.0048754327,0.009992507,0.00737168,0.021235192,-0.034169648,0.009018715,0.2437719,0.013453967,0.0021932842,-0.16036981,0.0005659897,0.029317126,0.03549649,0.044300057,0.16529447,0.039439794,-0.28213105,0.26764354,-0.22994585,3.1804786,-0.034784976,-0.034567524,-0.0076994607,-0.19381167,-0.08178405,0.29721153,-0.14315347,-0.977918,-0.0058725947,0.053956654,-0.010377701,0.0013924226,-0.20728432,-0.9735546,0.42588073,0.36417526,5.815976e-05,-0.0016576207,0.0
-0.0725428,0.06020073,-0.11930574,0.000887427,-0.042225868,-0.06338144,0.027078226,-0.11133081,-0.09150524,0.0022392622,-0.13255462,0.0009539405,0.016954102,-0.60449284,0.021654915,-0.46821785,0.17719273,0.10326273,-0.04210245,-0.16895442,-0.20491898,-0.052781545,-0.11615711,0.0092127975,-0.11876798,-0.10874521,0.12247126,0.07471664,-1.2835836,-0.06500328,-0.24249202,0.0062163463,0.004905949,-0.19599506,0.84496915,-0.056907818,-0.38147986,9.501921e-05,-0.0038171785,0.0
-0.101276994,-0.0023848137,0.0021346053,0.006448039,-0.0027375552,0.048918527,0.05193954,-0.018898902,0.0061519044,-0.01079157,-0.15368618,0.0010833362,-0.018591853,-0.2703143,0.014940262,-0.43267977,0.20787725,0.13564979,-0.5883982,-0.12858005,-0.16154589,-0.020682609,-0.0798253,0.018821636,0.04354777,-0.10717539,1.0269642,-0.088057704,-1.274291,-0.05062098,-0.04855698,0.027336568,0.0022465587,-0.07575048,0.06086371,0.28977436,-0.27656463,0.00011443191,-0.002707857,0.0
0.036366735,-0.0019893737,-0.0130122965,-0.0045037987,0.054726638,-0.058409434,0.015197277,0.11316499,0.010480382,0.0021656037,-0.13222356,-0.0006317392,0.021836199,-0.3103562,0.023291256,0.10523649,-0.014253787,-0.24204321,-0.6280627,-0.3090039,-0.44688654,-0.01072945,0.037747804,0.057044968,0.02117341,-0.103443734,0.19133319,-0.051571768,-1.3180417,-0.07643849,-0.25416434,-0.035517953,0.0032180864,-0.092569515,0.07222286,0.20187691,-0.06007097,0.00025415904,-0.0024031657,0.0
0.031254977,0.027308324,-0.023582479,-0.0065978733,-0.055500478,-0.049124386,0.023605362,-0.13609868,0.0070029716,-0.059390802,-0.09974967,0.00022995299,0.03875423,-0.046165276,0.005283837,0.18215829,0.056729138,-0.38594285,-0.5416702,-0.3199443,-0.42640188,-0.022828972,-0.04816816,-0.02459093,-0.46492302,-0.104254834,-0.48586515,0.115175776,-1.1424356,-0.08035078,-0.086499095,0.0043751197,0.0022796653,-0.15575013,-1.0565407,-0.083298266,0.085224025,9.501921e-05,-0.003965985,0.0
0.013547953,-0.04978463,-0.11893766,0.007939424,-0.15776186,0.040584907,0.03820289,0.25135475,0.039138444,0.0020918457,-0.15796305,0.00063397613,0.023817675,0.0067511667,-0.031516656,-0.105557606,0.037808545,0.08061251,-0.6667492,-0.09238049,-0.4004196,-0.06027696,-0.04203266,0.009492346,-0.24695458,-0.089271314,-0.02891525,1.9234629,-1.0773225,-0.02612395,0.41564903,-0.044765834,0.0005155487,-0.052960813,-0.902754,-0.072738394,0.11932144,0.00014365409,-0.0023751927,0.0
0.050695594,0.010542706,-0.0054254564,-0.005134591,0.043241967,0.03803109,-0.053427294,0.06895235,0.008410598,0.0023094113,-0.15723808,0.000110873574,0.034388375,0.061898634,0.020128494,0.16409187,0.020443937,-0.31655908,0.21875377,-0.021319412,3.293093,-0.08007448,0.08472494,0.044234656,0.032621942,-0.065547474,0.2810239,-0.055041246,-0.2597986,0.80758846,-0.030191582,0.11766585,0.0012201834,-0.053349495,-1.0502306,0.4106758,0.38657883,0.00025415904,-0.0021684226,0.0
0.030573826,-0.17260723,-0.14582434,0.006479124,-0.14067832,0.028510313,0.005488494,-0.11193214,0.017031185,0.0020376758,-0.15241364,0.0007576895,0.003739675,-0.20339863,0.02153587,0.038743626,-0.059431266,0.09517874,-0.40859443,0.08280821,2.8789017,0.015978498,0.047045317,0.027738655,-0.28275552,-0.07505702,0.80421275,0.09718982,0.5742928,0.13090183,-0.22295257,-0.027398998,-0.00015066833,-0.2712263,0.010787009,0.4524108,-0.13489342,5.815976e-05,-0.002480807,0.0
0.027073517,-0.027701974,0.007011035,-0.017950974,0.010560609,0.06450234,-0.18880235,-0.13798901,0.0057168677,0.0022640133,0.1629924,0.0006620512,0.03644394,1.3098874,-0.051596086,0.06811199,0.10035113,-0.33164954,0.47545546,-0.17144829,0.0053559397,-0.01711143,0.02125632,0.017087867,0.07315021,-0.10077288,-0.6232515,0.30625242,-0.9279875,-0.049689442,0.28327233,0.12474295,0.002505647,-0.08570482,-0.6170204,-0.17074838,0.26604918,0.00028338123,-0.0070427116,0.0
-0.0053356895,-0.015901236,0.002254544,0.0122337155,0.002831856,0.058709815,0.029729545,0.11421614,0.011942823,0.0026164427,0.25173214,0.0010524308,-0.13427344,-0.19471024,0.022424202,0.033601735,-0.010679597,0.17857963,0.18359752,0.20914328,-0.29290015,0.0034725445,0.1413395,-0.021591688,0.2570312,-0.09088405,0.28799438,0.29694748,1.767104,0.01708969,-0.23234478,-0.032356575,0.0018439649,-0.050289776,0.12672776,0.08871878,-0.081031464,0.00014365409,-0.005063907,0.0
0.018571544,0.007916833,-0.01498318,0.007562681,0.032450434,-0.030735338,0.01744808,-0.15998004,0.007395822,0.002329337,-0.15084733,0.0011076536,-0.1611209,-0.21630695,0.025912918,0.07277454,0.07192169,-0.26941782,-0.606973,-0.08680823,-0.08863653,0.028132789,0.17536034,0.058516,-0.06020122,-0.10218373,0.17042713,-0.67913395,1.2580742,0.02320323,-0.20548841,-0.041151147,0.0019754586,-0.21971026,0.031510107,-0.05309018,-0.3145768,5.815976e-05,-0.004318912,0.0
-0.048742507,0.017217726,-0.03716826,0.011323507,-0.10668381,-0.05156092,0.02143797,0.4138977,0.022623444,0.0025649837,0.18677661,0.001210722,-0.03197388,0.05608984,0.033696204,0.04365809,0.09401762,-0.26077807,0.63445115,-0.1280619,-0.02107967,0.08239018,0.031597912,-0.016027914,-0.106276564,-0.108455576,-0.85644805,1.3398187,0.16277829,0.0062469575,0.19836211,0.05951459,-0.00026559058,-0.06360871,-0.78673494,-0.25224325,0.25443494,0.00014365409,-0.010520668,0.0
-0.04493618,0.03730276,-0.030453537,-0.020680176,0.012266321,-0.06170612,0.037330847,0.100257576,0.009820284,0.0029642866,0.13687733,-0.00028128747,0.03865413,-0.22462422,0.025816694,0.0977219,-0.0124982055,-0.25468248,-0.62977034,0.29109532,-0.31504208,-0.011613881,0.16284834,0.005698006,-0.3374937,-0.08447969,-0.05862677,0.14630666,2.3179998,-0.055495963,-0.21805435,-0.055995233,0.0014103435,-0.07272674,0.119802,-0.0895868,-0.06895195,0.00025415904,-0.0038078844,0.0
-0.07974309,0.013742582,0.114514485,0.014728757,-0.022527441,-0.08684225,0.038953736,-0.04788881,0.011441553,0.002253295,0.25832543,0.0023658234,0.01149008,-0.3254707,0.030902846,-0.23531532,0.041337747,0.13815595,0.053105842,0.110928856,-0.089938216,-0.0046593873,-0.22001603,-0.045104783,0.062334795,-0.12115873,0.20732944,-0.2354924,-1.1939037,-0.11151537,-0.06502029,-0.022796536,0.004657368,-0.052123424,0.116764866,-0.08350784,-0.35127333,0.00025415904,-0.0041458067,0.0
0.03584763,0.00962433,0.08815394,0.0073294863,0.057586465,-0.047533233,-0.15995657,-0.11802407,0.010101163,0.0024502773,-0.16414325,-9.292341e-05,0.015954064,-0.24346891,0.025216095,-0.43309635,0.20213245,0.1510261,0.51925737,0.23452416,-0.17487194,-0.005419127,-0.10205948,0.0011621865,0.23506749,-0.12754004,-0.7702389,-0.4928873,-0.0036565927,-0.062364623,-0.23654981,0.07452415,0.004914523,-0.16214076,0.143339,-0.22189438,-0.5089883,5.815976e-05,-0.011903793,0.0
0.04633264,0.018342035,-0.009274693,0.007284592,0.05843712,0.023100967,0.03247021,-0.068727225,0.009548781,0.0015755426,-0.17487851,-0.00064857,-0.11144256,0.14294964,0.023055445,-0.4030885,0.1899814,0.1346967,-0.49694487,0.2629527,-0.27949944,-0.035283905,0.08776224,0.0066098063,-0.29072705,-0.09691766,0.4472106,-0.24722657,2.073795,0.03715234,-0.13846801,-0.08527194,0.001084907,-0.072571285,-1.2110872,0.2007133,-0.06720006,6.340944e-05,-0.0033154674,0.0
-0.090807624,0.013513307,-0.06948463,-0.00022554961,0.030058429,0.024811622,-0.06761753,0.25733915,0.011881624,0.0014701828,-0.16622773,0.00088274427,0.024509227,1.4224179,-0.029883811,0.18209217,0.0618918,-0.28410047,0.16503553,-0.053840425,0.062016863,-0.025548656,-0.032331023,-0.009537144,0.27445534,0.39745533,-0.058921497,-0.46625635,-0.87884396,-0.09134759,0.39879456,0.122680545,0.0007116805,-0.08584309,-0.7225028,-0.12405165,0.10972348,0.00025415904,-0.0031648052,0.0
-0.048140187,-0.07268348,0.0070315474,0.009009348,-0.0050994633,-0.055459466,-0.06787792,-0.103987984,0.0065844846,0.0028858678,-0.20998795,0.00065178226,-0.079488225,-0.013343392,0.023065293,0.028951617,-0.024732059,0.13995628,-0.3280805,-0.004526973,-0.072754316,0.05180329,-0.119762786,-0.059184905,-0.3008228,-0.10135415,-0.30567697,-0.25521,-1.1687973,-0.07626797,-0.1574518,0.07339946,0.002513111,-0.05968908,-1.1321185,-0.11871676,-0.23636627,0.00011443191,-0.0036677918,0.0
0.034334578,0.010893288,0.102674425,0.013517135,-0.01568646,-0.0650937,-0.069742404,-0.0997984,0.004332571,0.0033546428,0.2753585,0.00041493797,0.03500928,0.04157344,-0.056350674,0.1662542,-0.011547736,-0.3850571,0.22959247,0.16942796,0.10590124,-0.0054412563,0.13659768,-0.012217545,-0.22117911,-0.096919104,-0.0009753193,-0.15235731,0.84534216,-0.025516849,0.29206046,0.08988236,0.0038367342,-0.028703524,-1.0120115,-0.15011415,0.06325435,0.00011443191,-0.00537991,0.0
0.023441145,0.01413037,0.09044014,-0.01675146,-0.08734775,0.09937332,0.025256174,-0.07474194,0.009066541,0.002255873,0.17452157,0.0009037524,0.0024979375,-0.3533727,0.023337701,0.1733102,0.06824305,-0.40300024,-0.27323797,-0.23548457,-0.23324454,0.0614973,-0.11776463,-0.020642249,0.24596876,-0.10092144,-0.30163774,-0.041857075,-1.3554927,-0.045371592,-0.25228631,-0.015319557,-0.17753789,-0.1755656,0.05990095,-0.09065984,-0.38816768,9.501921e-05,-0.004039146,0.0
0.023473216,0.0070907474,0.0010489194,0.009162104,0.05078479,0.053608093,-0.08484229,-0.023777883,-0.07503711,0.0021417171,-0.17434686,0.00062431116,0.01096791,-0.0021993727,-0.005222262,-0.06522714,0.0036269373,0.15252155,-0.266273,0.1412817,0.0037212204,0.011309726,-0.18934342,-0.0723218,-0.27113053,-0.10965051,-0.36870706,-0.04466862,-1.1760392,-0.16169083,-0.051918007,0.058323976,-0.00022266913,-0.061261505,-1.1464758,-0.1906194,-0.4848811,0.00025415904,-0.0042507974,0.0
0.035490416,-0.0055808416,-0.016480472,-0.0058661834,0.028058473,-0.06940051,0.023262003,0.28953475,0.017334435,0.0023343829,-0.16999097,0.00035789804,-0.07704486,0.008504929,0.04215226,0.060300175,0.077237226,-0.26881623,0.19568819,-0.02454501,-0.19538489,0.011577007,0.07387516,-0.010800906,0.019236462,-0.09303766,-0.3224551,0.33679456,-0.32345963,0.028499966,0.03832617,-0.03385601,0.0016776941,-0.06478917,-1.088825,-0.098166324,0.021058246,0.00028338123,-0.0037514726,0.0
0.058853596,0.014600418,0.090756156,0.008067269,0.06262351,-0.0662952,0.056073345,-0.11367848,0.0102817435,0.0024992535,-0.19080682,0.00087378576,0.02331172,-0.3055591,0.023585102,0.007925372,0.014434072,0.1635984,-0.3576085,-0.19978775,-0.07578774,0.000102129736,-0.10325252,-0.029602759,-0.0101676425,-0.11140717,0.282267,-0.8324423,-1.2638036,-0.09877993,-0.20100929,-0.0064704055,0.003973547,-0.06793918,0.063240565,-0.07320062,-0.3516458,0.00011443191,-0.0030154816,0.0
-0.024526598,-0.043243498,0.084074795,0.007803656,-0.2194891,0.028309027,0.016860262,-0.109759204,0.011806072,0.0028291414,-0.15229903,0.0007576895,0.024026403,-0.4366318,0.020856438,0.03344522,-0.04846194,0.1096382,-0.5184553,0.2929544,2.3753574,-0.027725363,-0.039162092,0.024121033,-0.31403962,-0.06844622,0.26334995,-0.06876128,1.8336766,0.12141054,-0.2210064,-0.021262214,-0.0011883748,-0.04785232,1.0429524,0.39410606,-0.29838628,0.00011443191,-0.0028403623,0.0
0.0142775895,-0.006513922,-0.16726418,-0.0082224775,-0.00044934842,-0.052536808,0.032574248,0.25039002,0.003430511,0.0020722074,0.1793508,-0.0086080525,0.018358316,0.022554832,0.04094788,0.05226709,-0.07083464,0.14593545,0.2162343,0.14101581,-0.14785773,-0.00073260465,-0.10323328,-0.0080454275,-0.0738965,-0.108371824,-0.37705198,0.29649267,0.3587001,-0.03806389,0.069691814,-0.028234696,-0.00012223482,-0.057129506,-1.0873758,-0.07750505,0.0015878634,0.00028338123,-0.006863943,0.0
-0.028473092,0.0019713768,-0.010563513,-0.017423276,0.00204465,0.034776945,0.040060304,-0.12002648,-0.046348978,0.0013781884,0.13690081,-0.0060912133,0.038998082,-0.2653928,0.026007665,0.10337334,-0.031301,-0.23761718,-0.67752296,-0.1208081,-0.14308345,0.06483757,0.027089994,-0.015890364,-0.64280164,-0.09607535,0.56641686,-0.08014897,-1.3353016,-0.023535486,-0.25195304,-0.00672508,0.0010764193,-0.06457803,0.0073844525,0.14862482,-0.3699212,0.00025415904,-0.00435195,0.0
0.03026597,-0.015183573,0.021831136,0.010991057,-0.002920195,-0.02922192,0.023466852,-0.12539148,0.009419047,0.002569611,0.16731004,0.0017836622,-0.16592881,0.02111192,0.0024956374,0.10192193,-0.024075411,-0.24492598,-0.61777276,-0.33252442,-0.1814083,-0.035887953,0.011620321,-0.012186534,-0.33040088,-0.104032144,0.21166074,-0.73166746,-1.1998922,-0.042188182,-0.10251004,-0.045232225,0.0021833465,-0.22900155,-1.0663005,-0.081283584,-0.005742594,5.815976e-05,-0.0022015248,0.0
0.035803434,0.020679478,0.00037868734,-0.015863683,0.017684937,0.05316857,0.03225465,0.084181175,0.020089025,0.002795525,0.18693283,0.0006623877,0.016302353,-0.34132928,0.019397482,0.07053774,0.06350723,-0.25476915,0.08001659,-0.20774563,2.7614958,-0.07145819,-0.02411788,-0.038665596,0.20118798,-0.085625924,-0.42857197,-0.2097272,-0.84222835,-0.045407087,-0.06918528,-0.11633212,0.0017824766,-0.081680216,0.2049631,0.10268675,0.016239967,0.00025415904,-0.002836625,0.0
-0.17488636,-0.023918435,0.07942116,-0.026585694,-0.00989601,0.026795784,-0.17748065,0.12640831,0.01639833,0.0025832453,0.15474063,-0.007321997,0.030152818,0.043415338,0.026255907,-0.36248603,0.21598986,0.14711417,-0.5749089,0.2657317,-0.18222728,-0.040015966,-0.1751108,-0.093654096,-0.239949,-0.11793131,-0.6173639,0.008548625,0.3854794,-0.0877068,0.056370515,0.07335827,0.0016210703,-0.055976763,-1.1150861,-0.19187489,-0.041844673,0.00025415904,-0.0068379994,0.0
-0.05100192,-0.04294103,0.01680543,0.006834946,0.04102233,0.036788132,0.03578695,-0.11041328,0.011719227,0.0011340803,-0.1586628,0.00084162585,0.0021967543,0.09238905,-0.0033487258,0.15416971,-0.0045250524,-0.42018053,0.25779146,-0.14541537,-0.3329634,-0.06686733,-0.04292947,-0.07101239,0.3934317,0.521972,-0.07707657,0.7793609,-0.8727494,-0.08773893,-0.028695177,-0.07252211,0.0004345265,-0.12924768,-1.2415345,0.1231635,-0.34073716,6.586846e-05,-0.0025946856,0.0
0.022239292,0.007281436,-0.16218944,0.011935878,-0.0009965834,-0.043352645,0.020503521,0.10556456,0.0010056326,0.003245536,0.17176826,0.0003947816,0.01400218,0.06556351,0.023636397,-0.431605,0.20492372,0.12048401,-0.62333053,0.16922866,-0.051383886,-0.021458961,0.07569189,0.0038900194,-0.040627275,-0.099898934,-0.30864304,-0.42498964,0.72490424,-0.001334842,-0.15508188,0.044920277,0.002482694,-0.041871957,-1.2596462,-0.17060912,-0.08061834,0.00011443191,-0.005561947,0.0
-0.008075377,0.03033719,0.10969088,-0.017419716,-0.045342278,0.06113257,-0.13972382,-0.10594449,9.836734e-05,0.0028668565,0.1857952,-0.00047133176,0.05663225,0.9337276,-0.061475866,-0.14499228,0.0006570666,0.13817266,0.45876193,0.11926256,-0.32956773,-0.062106103,0.06861663,0.023699645,0.21319608,-0.079550445,-1.0119979,-0.24606149,1.5843933,0.4750123,0.25087193,0.10393729,-0.12932165,-0.099120654,-0.82424664,-0.2955729,0.4152841,0.00025415904,-0.011129138,0.0
0.015922587,-0.103949994,-0.12848979,0.008269302,0.045316722,0.03560641,0.036724854,-0.10140856,0.012304247,0.002104367,-0.16443454,0.0009910284,0.01752851,-0.29431528,0.02323728,-0.41564554,0.19535752,0.1143282,-0.6080931,0.19185936,0.013980041,0.034197472,-0.21335837,-0.053202342,0.055214364,-0.12044976,0.27130067,-0.25532034,-1.2760772,-0.12865531,-0.23481709,0.028172165,0.0018442082,-0.06813877,0.043694966,-0.084136166,-0.3862518,0.00011443191,-0.0036659366,0.0
0.010995775,-0.07690242,0.05180903,0.007828033,0.0028633454,0.029363021,-0.13139313,0.13036539,0.0207171,0.00082368363,-0.13328972,0.0005601094,0.015992444,-0.5520977,0.017548893,0.09272828,-0.042228483,-0.20617743,0.017914258,0.19725157,-0.45743194,-0.05070206,-0.23542838,-0.0351721,-0.3298312,-0.1131368,0.5498995,-0.24530312,-1.344785,-0.08078118,-0.17373715,0.09842373,0.0017639609,-0.10914731,0.9093693,0.44735268,-0.28290573,6.340944e-05,-0.001982987,0.0
-0.0779963,0.00064420904,0.049349345,0.012852083,0.009492684,-0.062286966,-0.029258285,-0.05535293,-0.036346875,0.002343546,0.20730601,0.002483066,-0.009194249,-0.28418988,-0.004173718,0.0049797026,-0.028921178,0.17298591,0.6371098,-0.19380197,-0.3527408,-0.05738908,-0.034726262,-0.04001961,0.2848679,0.64804626,-0.42173135,-0.24664512,-1.1238736,-0.044247698,-0.03487666,0.00579887,0.0035891712,-0.07588236,0.23545527,-0.11993627,-0.24809128,0.00025415904,0.10223214,0.0
-0.041772433,-0.08473769,-0.09639294,0.0122409845,-0.005239766,0.021858878,-0.15033276,0.21351668,0.0194239,0.0025106217,0.17139842,0.0017934476,-0.18127486,-0.29933816,0.025687307,0.16107424,0.021058349,-0.31544665,-0.6665367,0.066785045,-0.16707239,-0.015884478,-0.18475516,-0.0768292,-0.3048045,-0.11789554,0.2801483,-0.69027495,-1.2634605,-0.114437185,-0.06181942,0.07346416,0.0012008315,-0.2009635,0.09787576,-0.036148444,-0.13415027,5.815976e-05,-0.0030117726,0.0
0.022400688,0.020439368,0.079349756,-0.005129706,0.035765775,-0.042866506,-0.06410181,0.30113932,0.0021545165,0.0013235945,-0.12805447,0.00028380027,0.021259338,-0.2767569,0.016399048,0.08269836,-0.0147503745,-0.19766554,-0.45492554,0.21062237,-0.40746328,-0.023995295,-0.04464338,-0.013741144,-0.09750117,-0.09927961,-0.0729786,-0.63627714,1.7714276,-0.010707491,-0.043568153,0.09586744,0.00059838477,-0.13160929,0.16095805,0.24756545,0.04707463,9.501921e-05,-0.003164333,0.0
0.026413623,0.018309968,0.009565548,0.008704899,0.04633666,-0.03953509,0.026334656,-0.10486024,-0.0018633127,0.0017589452,-0.19358385,0.00053453963,0.024198655,0.019323451,-0.09731085,-0.41932553,0.2038995,0.12663409,-0.55239993,0.13017039,-0.17070901,-0.07507549,-0.16610311,-0.03856698,-0.24041708,-0.11893545,0.14617035,-0.21796845,-1.2381495,-0.122901455,0.020187337,-0.053947452,0.0030963442,-0.075855985,-1.0275357,-0.0628682,-0.08288413,0.00011443191,-0.0032410086,0.0
8.330622e-05,0.013845248,-0.04176765,0.009721475,-0.012515996,-0.055350285,0.019957647,-0.112066574,0.014160499,0.0027598636,0.18725151,0.0019163196,-0.23758636,0.058805067,0.005853467,0.03877278,-0.061213177,0.1722106,-0.4979407,0.26626542,0.017758304,-0.11687481,-0.11508676,0.010621433,0.39034098,-0.10948105,-0.74092126,-0.20956698,1.9093546,-0.04602895,-0.09947027,-0.050035376,0.001463805,-0.20119628,-1.1117632,-0.24715602,-0.21256942,5.815976e-05,-0.010359871,0.0
-0.057501536,-0.09646924,0.008231067,0.010248833,-0.11248691,-0.08696677,-0.081638925,-0.12332854,0.0072845295,0.002496027,0.15600698,0.0027697354,0.0047523845,-0.33295414,0.019095201,-0.24707745,0.029618312,0.11282631,0.55483276,-0.3393288,-0.39629886,0.015106724,-0.060046796,0.010171268,0.31813976,-0.12142456,-0.33791542,-0.1349651,-1.216255,0.009311734,-0.26153085,0.05974203,0.004186978,-0.20370352,0.14744036,-0.07032307,-0.2514469,5.815976e-05,-0.007089048,0.0
-0.22508135,-0.005959107,0.00035382848,0.007829013,-0.009256341,0.029480979,0.0488848,0.098055966,0.014670068,0.0021778592,-0.18054816,0.0005518909,0.016022436,-0.24861073,0.026303738,0.014668809,-0.024377493,0.121509895,-0.70802975,0.16461204,-0.004856011,-0.023282519,-0.027156023,0.0047027213,-0.41740525,-0.112882465,0.52012455,-0.21391143,0.8558846,-0.033530504,-0.04777555,-0.03736017,0.0017421679,-0.033516735,0.077021144,-0.07091579,-0.22168955,0.00025415904,-0.0045978697,0.0
0.02483936,0.0043190266,0.020476293,0.011197431,-0.016405718,0.04577299,0.018559866,-0.074776754,0.009343505,0.0028755856,0.12488336,0.0010663173,-0.15085816,-0.30034125,0.020632941,0.050167255,0.07099963,-0.26998657,-0.631026,-0.098246135,-0.23544735,-0.04132205,0.13138045,-0.037736706,-0.056925885,-0.09205528,-0.43120408,0.43364167,0.12209145,0.48641616,-0.26396367,0.046991944,0.0007586513,-0.18188322,0.15722203,-0.09642891,-0.02189597,6.586846e-05,-0.003930171,0.0
0.01718809,-0.032930862,0.09490679,0.0076691573,0.016329914,0.034403346,0.030216131,0.13985772,0.0053543933,0.0023499941,-0.1784683,0.0013148517,-0.16827677,-0.46623296,0.021394312,-0.037313934,0.028920135,0.11878223,0.22291826,0.26805517,0.05734645,-0.028063234,0.18343732,0.049591232,-0.06926853,-0.08945253,0.19574077,0.083273105,2.4708087,-0.029190024,-0.12342395,-0.029898534,-0.00022559112,-0.05366679,1.0774606,-0.08146669,-0.22391939,0.00011443191,-0.0041581825,0.0
0.014874664,-0.018971289,-0.014423735,0.00830258,-0.008987533,-0.06457615,-0.043831974,-0.061921768,0.006245245,0.0032854413,-0.17349388,-0.00027736247,0.01706879,-0.048418183,-0.09000403,-0.032781847,6.853725e-05,0.157547,0.015677325,-0.3449608,-0.18844394,-0.023453603,0.067915596,0.044935703,-0.258147,-0.100433595,-0.536572,-0.59207416,-1.171378,0.028136972,0.019437492,0.038252376,0.0031516538,-0.063639864,-0.98310995,-0.15261798,0.23060754,0.00011443191,-0.004702587,0.0
-0.012189498,-0.06277511,0.045489695,0.0086350795,0.031015025,-0.080052145,0.05728632,0.19720432,0.018414984,0.0016278065,-0.22790846,0.0007747311,-0.04206315,1.2569755,-0.045304846,0.032204557,-0.017201833,0.13250713,0.5310173,0.055726822,-0.17376842,0.0006098057,-0.14597653,-0.04969012,0.06745702,-0.1084245,0.1355206,0.38678908,-0.95757407,-0.03108861,0.36686793,-0.101254344,0.0026437475,-0.07678337,-0.60134566,-0.06502632,0.17952316,0.00014365409,-0.0037978445,0.0
-0.07940727,0.015562019,0.027714906,0.011075915,0.013043817,-0.063672185,0.032363534,0.07187802,0.012563326,0.0024933987,0.25578675,0.001259629,-0.13963152,-0.26038358,0.026244983,-0.029710187,0.03303666,0.16288318,0.53999853,-0.15359537,-6.958162e-06,-0.018139986,0.084701695,-0.014254607,-0.21019603,-0.103933915,0.32394445,-0.029087007,-0.26864952,-0.049370617,-0.2153328,-0.02378997,0.0029125824,-0.04630493,0.12952279,-0.08264991,-0.1609486,0.00011443191,-0.0044054217,0.0
0.010127208,0.008178851,-0.015622625,0.007886959,-0.006958995,-0.04957979,0.023105007,-0.10165371,0.0058228658,0.0024114966,-0.18316133,-0.0005978673,-0.1399992,0.16406474,0.017819189,0.024144242,-0.05598317,0.13428564,-0.118015364,0.27171972,-0.08333263,-0.013407438,0.16992342,-0.011993195,-0.6029993,-0.08590671,0.46448475,0.64524734,2.18663,-0.015846394,-0.14597143,0.039396867,-0.00096226897,-0.07015298,-1.2917619,0.12369221,0.03445974,0.00028338123,-0.0047539137,0.0
0.014544836,-0.02929486,-0.0022147286,0.007951006,-0.003452995,-0.03146642,-0.10964044,-0.07256895,0.010980793,-0.029003244,-0.15548742,0.00035298744,0.02995899,1.4528377,-0.06960357,0.19231272,0.04943407,-0.3416191,-0.5193936,-0.2792247,-0.13515855,-0.043313522,0.036496688,-0.005729441,-0.08353017,-0.0886408,0.29899827,-0.62832755,-0.9586604,-0.033303056,0.40667364,0.14168736,0.003188587,-0.10474673,-0.6750767,-0.0055921297,0.39388883,6.340944e-05,-0.0030587437,0.0
0.011270486,0.06783921,-0.0090978695,-0.004843506,-0.0438897,-0.076925546,-0.081230156,-0.101817764,0.005032718,0.0022146646,0.17277776,0.0013532939,0.023538738,-0.59418726,0.024028853,0.023709685,-0.041921694,0.15888615,-0.3132022,-0.25374478,-0.089394726,0.0064460174,-0.07952189,0.0007074203,-0.13191809,-0.10539192,0.273094,-0.19183353,-1.4192505,-0.061418906,-0.25020134,0.04620294,0.004563129,-0.083107755,0.7316521,-0.048254006,-0.38062102,0.00025415904,-0.0035769818,0.0
-0.21894735,0.013912799,-0.0013399553,0.008027979,0.066338494,0.04374578,-0.08863013,-0.110878654,-0.07320037,0.001814333,-0.1595511,0.0009537425,-0.03086717,-0.28068784,0.01770508,0.021169115,-0.03785851,0.1504118,0.5349685,-0.27802208,-0.05431734,0.011693963,-0.10361457,-0.061197244,-0.12677297,-0.1326188,0.2883124,-0.2691821,-1.1550114,-0.14804438,-0.24651751,0.04202028,0.0030719372,-0.18447639,0.078338124,-0.09537941,-0.4085562,5.815976e-05,-0.0028732985,0.0
0.021539986,-0.001990421,-0.025357043,0.0104954755,-0.17517366,0.043724783,0.042456318,-0.07451371,-0.06585583,-0.053399723,0.1545366,0.0017981366,0.037687648,-0.62744725,0.026937958,0.022936568,-0.06696508,0.123927794,-0.6650133,0.15447322,0.01841538,-0.019194202,-0.12215185,-0.025111191,-0.18618247,-0.09753201,-0.2003891,-0.42076176,-0.6663273,-0.105141856,-0.21673647,-0.05075017,0.0019420626,-0.24767943,0.8825007,-0.15860547,-0.3475625,9.501921e-05,-0.0038611023,0.0
-0.08554178,0.0163108,-0.15020198,0.010434533,0.05660206,0.024636224,0.030419223,-0.03902598,0.006792824,0.00048081996,0.15772972,0.0017981366,0.022110302,-0.3005527,0.026547238,0.1623936,0.0586199,-0.35487336,-0.59889024,0.17281297,-0.050154652,0.015208143,-0.14919814,-0.03280273,-0.25126708,-0.11088618,-0.41612437,-0.2079449,0.27881128,-0.04727461,-0.2649357,-0.034552395,0.0024893174,-0.050352335,0.07303926,-0.16425163,-0.49699408,0.00025415904,-0.00531656,0.0
0.015781317,0.05049847,0.051463474,-0.018042644,-0.006199458,0.048701875,-0.21995176,-0.06079887,0.0074278666,0.0024362453,0.16225904,0.0012474454,-0.11291674,0.028045122,0.01856931,-0.0016446658,-0.0075480263,0.19124252,0.5985526,-0.28703287,-0.1953429,-0.013189927,-0.085454606,-0.0907724,0.06335632,-0.1212588,-0.56029266,-0.27923548,-1.0531945,-0.091452114,-0.14067957,0.08637923,0.0027145531,-0.18139395,-0.97344476,-0.15208481,-0.37037754,9.501921e-05,-0.005787435,0.0
0.04174947,0.012919459,-0.009144107,0.0077352785,0.018253252,0.035324775,-0.13274243,-0.044256553,-0.032194413,0.003140363,-0.1557059,0.0005379288,-0.094686374,-0.01892988,-0.055788536,0.16935615,0.049903363,-0.35373405,-0.5116486,0.10955132,-0.18313226,-0.028404444,-0.1293581,-0.0097288275,-0.24050495,-0.10030527,-0.331323,-0.7811247,-0.65603685,-0.09493475,0.21739654,0.086150214,0.0015688571,-0.05754103,-1.0256263,-0.13010092,0.047508586,0.00011443191,-0.0032677592,0.0
0.021454478,-0.06949322,0.025778892,0.010470907,0.04597298,-0.07804948,0.050496582,-0.06445446,0.027030831,-0.025053738,0.17618796,0.002154652,0.016067864,0.17881624,-0.088027686,-0.20737554,0.04055082,0.122982934,0.78029704,0.16185077,-0.24190685,0.019758256,-0.14024912,-0.029144622,0.6475082,0.75145835,0.21489586,-0.062983565,-1.0299679,-0.01762833,0.026554013,-0.02796624,0.0033473847,-0.27723968,-0.43506762,-0.051264536,0.051794987,5.815976e-05,0.08198487,0.0
-0.07909076,-0.033664692,0.047752835,0.007363904,-0.017726183,-0.042528573,-0.069692835,-0.16183038,0.025302775,-0.046679653,-0.17693555,0.00056018564,-0.08570011,0.8888593,-0.04257175,0.1068795,0.013189355,-0.22529429,0.17688115,0.24946824,0.09882174,0.0086096795,0.14934124,-0.0037360732,1.07536,0.51025665,-0.3691367,0.007951799,1.8522474,-0.01676401,0.14872639,0.12770082,0.001351384,-0.054103944,-0.9224251,-0.18829845,0.25454372,5.815976e-05,-0.007845277,0.0
0.00481437,-0.0790987,0.002587145,0.011053707,0.034007516,0.03857773,-0.1435194,0.07575177,0.008734318,0.002394974,0.13145322,0.002202989,-0.1547463,-0.34863633,0.024088014,0.16445619,0.048303377,-0.40435842,-0.6672009,-0.38496244,-0.4393115,0.013003458,-0.0011628964,-0.007638974,0.19162215,-0.099312484,-0.6786046,-0.25062364,-1.2977427,-0.011991326,-0.28747493,0.117604025,0.0024997052,-0.08388635,0.11472053,-0.10448529,-0.14793076,0.00011443191,-0.0057228482,0.0
0.015573629,0.017153382,-0.014082582,0.010087942,-0.019383399,-0.057197563,0.030603847,0.15164955,0.012668555,-0.05978448,0.29984307,0.0017668793,0.0127003025,-0.31594387,0.013476018,0.07543222,-0.049387,0.111494206,-0.6765614,-0.3554507,-0.19188973,0.028580638,-0.05338714,-0.05386189,0.3389787,-0.111495934,0.23362386,-0.6435236,-1.185889,-0.06820879,-0.077482834,-0.0023362054,0.0012283253,-0.06267417,0.13209479,-0.041488703,-0.13975304,0.00011443191,-0.0034344844,0.0
0.009503815,0.003885398,0.0015151465,0.015080998,-0.114375725,0.037365284,-0.04347597,0.1970401,-0.1826199,0.0028826816,0.21903162,0.0019250442,0.025381181,0.004037874,0.040541984,-0.057640024,0.004795287,0.13505955,-0.19886081,0.20831884,-0.06313029,-0.016146468,-0.03667865,-0.0284403,-0.32348546,-0.10162249,-0.41350302,-0.7876032,0.27547285,-0.064559706,0.22559302,0.06313567,-0.0012086957,-0.041225597,-1.0349586,-0.16200969,0.012306384,0.00011443191,-0.0060247555,0.0
0.035277214,-0.092326194,-0.16551821,0.0076469397,0.0062733768,-0.028374093,0.026547758,-0.09976323,0.0076913564,0.0032430247,-0.17253041,0.00054629915,-0.107123405,-0.5128942,0.02531127,0.02664956,-0.036921363,0.12004908,-0.6377068,0.25582507,-0.039287828,0.0016330169,0.14450598,0.047096148,-0.21703002,-0.092994004,0.1813422,-0.03912691,1.761078,-0.0061509563,-0.17077826,0.040848132,0.002004018,-0.037029065,1.0616118,-0.11242992,-0.21051975,0.00011443191,-0.0056028124,0.0
-0.047902413,0.008631316,-0.09335734,-0.004755932,0.058634657,-0.028020654,-0.08823396,-0.08230651,0.007955228,0.0014454123,-0.14147718,0.00014709032,0.0067770034,-0.28758186,0.024204548,-0.0006111668,-0.016078906,0.1420097,-0.65623575,-0.10342598,-0.14875542,-0.080866694,-0.078675404,0.009391578,-0.30712336,-0.110571794,0.14655346,1.2593805,-1.2665976,-0.051329046,-0.061413754,0.06674313,0.0033797836,-0.08051277,0.11798244,0.014039945,-0.16336054,0.00028338123,-0.0033944594,0.0
0.033785652,0.007883994,-0.0012187911,-0.017690467,0.00932516,-0.07890143,-0.066453144,-0.115552865,0.0029030973,0.0025902023,0.19032654,0.0024742354,0.028380616,-0.0050527873,-0.008078936,0.16204149,0.052703325,-0.40184233,-0.26619726,-0.40255022,-0.18682076,0.0018252712,0.15129499,0.021347621,-0.16846223,-0.09045812,-0.023462411,0.15820946,-1.2572969,0.027952751,-0.0821459,0.080879465,0.002792372,-0.07000052,-1.0872926,-0.09860742,0.034481,0.00025415904,-0.004804723,0.0
0.047300395,0.1923932,0.05773332,-0.0031740454,0.025193738,0.041459642,0.047701545,-0.16162738,0.019725831,0.0011381549,-0.15550734,0.00030884397,0.019967873,0.047205977,0.021248998,0.05649343,0.10153357,-0.26554847,-0.29978797,-0.31470954,-0.33732873,0.060098488,-0.07937935,0.021257961,-0.35077003,-0.10201604,1.1223357,-0.29361823,-1.0823879,-0.037023626,-0.12961105,-0.042602617,0.0016056817,-0.07947893,-1.0675961,0.2805083,-0.083319694,0.00025415904,-0.0016665522,0.0
0.017166141,0.009975854,-0.19239883,0.011609664,0.03838667,0.057251953,0.053678967,-0.0840825,-0.05588246,0.002028048,0.22033852,0.0023336634,0.005453661,-0.2422806,0.019737294,0.07414263,-0.041799165,0.17617893,0.58869827,-0.033519525,-0.42582282,-0.034167632,-0.11019979,-0.07053638,0.17189619,-0.122902595,0.36240453,0.14362961,-1.1415124,-0.03862047,-0.25062656,-0.03543012,0.0025707223,-0.094812624,0.08381027,0.1998918,-0.40788642,0.00011443191,-0.0021600046,0.0
0.04015354,-0.011080945,-0.13071342,-0.017022276,-0.008485006,-0.05424699,0.029985717,-0.12029047,0.009068668,0.001915205,0.194563,-0.008186835,0.037258737,0.06318365,0.0063703675,-0.3532966,0.20692904,0.11997885,-0.5535242,0.22742948,-0.0041656634,0.04879783,-0.008740483,-0.013499379,-0.43231288,-0.105521254,-0.05143483,-0.84915036,0.31366852,-0.065283,-0.07290766,-0.037213676,-0.1671688,-0.039381064,-1.1264614,-0.14029165,-0.06198401,0.00025415904,-0.0054129437,0.0
0.041729134,0.016757574,-0.009206719,0.012790702,0.04746255,-0.06643804,0.02806472,0.24392691,0.016642833,0.0016988269,0.12910329,-0.023855368,0.00729524,-0.6309653,0.01524198,-0.4395317,0.18325701,0.11818829,-0.0059319288,-0.17734814,-0.33026618,0.0032390272,-0.080468394,-0.06017874,0.1490981,-0.10484993,-0.26165226,0.17596756,-1.1587168,-0.034406584,-0.18959753,-0.009261389,0.00068358664,-0.07539267,0.94328505,-0.058215525,-0.24643339,0.00025415904,-0.003166595,0.0
0.017873893,0.038870994,0.0097947465,-0.006589757,0.047712974,-0.0751486,-0.06241736,-0.114518,0.007863889,0.002454539,-0.19067682,-0.00035957666,0.019307842,0.04414472,-0.09429701,-0.22367471,0.03726891,0.10350754,0.5259816,-0.24293943,0.13523534,-0.013554756,0.056880932,0.011714147,-0.24192102,-0.120884545,0.12800346,0.3720195,-1.1940659,-0.03092306,-0.030218203,0.044462927,0.003846136,-0.05962661,-1.0141377,-0.10424927,-0.015829936,0.00028338123,-0.003343197,0.0
0.034476183,0.004753899,-0.039133806,0.012436356,-0.008684123,0.054379787,-0.074019454,-0.06179768,-0.05787589,0.0033402038,0.28338426,0.0011633341,0.013104739,0.032877337,0.024133857,0.1873308,0.06096651,-0.3980612,-0.60421723,-0.19368957,0.08588922,0.053584203,0.17178999,-0.010537706,0.26709175,-0.09287301,0.06503346,0.204113,-0.30058274,-0.039560053,-0.18035907,0.07530894,0.00071489054,-0.28056097,-1.1363252,-0.082216665,-0.18427125,5.815976e-05,-0.0038691326,0.0
0.036761027,0.011070158,-0.1420563,0.0069746105,0.0029835822,-0.051547654,0.03230207,-0.059620984,0.009523361,0.0020868806,-0.17743981,0.0006018162,0.024268758,0.052132588,0.0067189205,-0.4568123,0.18772426,0.10548202,0.19300956,-0.13544258,-0.34656763,-0.10940992,-0.04858208,-0.026820578,-0.2209774,-0.10091474,0.4972792,0.14629713,-0.626684,0.02687497,-0.043701306,-0.1127069,0.0041609737,-0.080249384,-1.1087375,0.20484968,0.060808696,6.340944e-05,-0.0027990078,0.0
0.029120624,-0.089098066,0.060844906,0.012638537,-0.023267513,-0.04667018,-0.10144009,-0.12624793,0.0038171904,0.0022150269,0.1269081,-0.0009762505,0.01363557,-0.035749044,-0.097460195,0.08188316,0.08068972,-0.25988647,-0.5655548,-0.44701758,-0.15948956,-0.015154855,0.1365689,-0.02218495,-0.31599444,-0.100087024,-0.32225066,-0.34951854,-1.1781183,0.019179592,-0.027301453,0.113459736,0.0025899343,-0.23348168,-0.98806083,-0.14576751,0.18001348,5.815976e-05,-0.0039131064,0.0
0.031129975,0.08574105,0.024232736,-0.00072459155,0.017962376,0.038978193,0.020921377,-0.12002267,-0.037277907,0.0020449804,-0.17464489,0.00013681338,0.033716425,-0.14284854,0.021779772,0.17102274,0.062462606,-0.34213945,0.12844716,-0.009563937,-0.33717144,0.041820005,0.15959968,0.04698465,0.42403498,0.50113106,0.23221266,-0.36746138,2.229667,-0.0171352,-0.19483784,-0.03947335,-0.0012341012,-0.057471,0.13027446,0.1310319,-0.18142432,0.00025415904,-0.0039669024,0.0
0.035119407,0.0141128255,0.06991568,0.007337493,-0.0062942333,-0.08026763,0.019698396,0.23353234,0.012297103,0.0023725475,-0.18914239,0.00033910095,-0.06293473,-0.27659723,0.019955212,0.06520392,0.051886685,-0.230311,0.5344797,-0.26622736,-0.15530565,0.0034044955,0.10767693,-0.026784763,0.21573497,-0.113600716,0.38960925,0.4012645,-1.0286608,0.007206886,-0.032627154,-0.050336886,0.002110592,-0.06960927,0.17711756,0.111907296,-0.05004892,0.00014365409,-0.0032944055,0.0
0.033197705,0.05071945,0.08311007,-0.0053241733,-0.023658838,0.052151915,-0.03775448,-0.097117655,0.0056641623,0.0029480823,-0.20374112,-0.00095366494,0.031775177,-0.28815952,0.028125051,-0.18515275,0.04413472,0.13177945,-0.5851802,-0.12747067,0.0028987073,-0.0043343133,0.066404395,9.0466696e-05,0.18984869,-0.111724816,-0.9987529,0.0012625487,0.33873174,-0.056823913,-0.22790486,0.036907155,0.0019096996,-0.063177094,0.09448102,-0.25272462,-0.25849488,0.00025415904,-0.012550177,0.0
0.022318598,0.0010666979,-0.11592318,0.007094424,0.037626624,0.032531954,0.019137638,0.19725752,0.014619372,0.001837328,-0.12698323,0.0006453551,0.04264989,-0.23888335,0.019549962,0.09409614,-0.019961838,-0.26423717,0.48131377,0.1943716,-0.31830236,0.030279117,-0.010605194,0.04593252,-0.20031771,-0.106222905,-0.7437965,0.5636678,0.76527584,0.018010532,-0.27180943,-0.033457786,0.0011918175,-0.15974832,0.20502089,-0.13136582,-0.24706191,6.586846e-05,-0.0059472504,0.0
0.036545802,0.017350612,0.0016168465,0.015106211,0.04917517,0.0646528,0.057878163,-0.104462944,0.008418724,0.002730018,0.21040894,0.0025889145,-0.053468004,-0.33310285,0.02816306,0.020995418,-0.033826258,0.19735014,0.27275112,-0.046255324,0.003416035,0.012340464,-0.12095011,-0.0077204173,0.2080506,-0.11508985,-0.43221968,-0.8661418,-1.2195916,-0.16012195,-0.23533162,-0.040254846,0.002238664,-0.07217746,0.10604256,-0.26024568,-0.46749368,0.00011443191,-0.006702126,0.0
-0.013745631,0.057610035,-0.12687652,-0.0035416726,-0.008198179,-0.049892075,0.020291379,0.19724505,0.020816999,0.0021297736,-0.15808043,-0.0006178527,-0.06798762,-0.26716837,0.020328406,-0.21675149,0.043444283,0.05506597,0.53045607,-0.33920753,-0.20504102,-0.013196804,0.089726634,0.05546024,0.0010520765,-0.11586017,0.437212,-0.06796398,-0.60433304,0.02080111,-0.026803676,0.016867504,0.002954733,-0.051207688,0.19929732,0.24941038,0.0032837053,0.00025415904,-0.0037165948,0.0
-0.09190665,-0.110396266,0.016381761,0.008462208,0.027457606,0.044027213,-0.14766647,-0.16173601,0.00030025886,0.0017522834,-0.17082833,0.0009910284,0.005932524,-0.022334706,0.028531402,-0.031986643,0.0107419025,0.16724044,0.12047384,0.08194139,-0.12373521,0.017233172,-0.19751385,-0.08003719,-0.097491786,-0.11509656,-0.33975604,-0.8018483,-1.2103186,-0.20209499,-0.15849529,0.068817735,0.0012455693,-0.17359397,-1.1081171,-0.14726986,-0.42489803,5.815976e-05,-0.004771863,0.0
0.023106873,-0.12108273,0.0051709227,0.00798377,0.011916392,0.043667704,-0.15995854,-0.057911158,0.0037958557,0.0029233075,-0.16207957,0.001442737,0.021039069,-0.32585764,0.024121432,-0.22471184,0.044477295,0.10870479,-0.6298931,-0.3112789,-0.13242097,0.045814484,-0.061478514,0.014356985,-0.0059228376,-0.11344071,0.23561959,-0.14171153,-1.3708618,-0.07188545,-0.058945823,0.089376554,0.0017735425,-0.069630384,0.124333754,-0.054237474,-0.18908902,0.00011443191,-0.0035825733,0.0
0.010672729,0.021473313,0.029033564,0.008280284,0.03408377,-0.050342884,-0.087830015,0.105722845,0.0153596485,0.0017684649,-0.20486458,0.00053453963,0.040560678,-0.0044064466,0.024478469,0.036137912,-0.07172397,0.1430253,-0.005905007,-0.1172383,-0.07724589,-0.018780494,-0.07670446,-0.04092009,-0.28758025,-0.103020124,-0.018379917,-0.7693033,-1.1738354,-0.08766408,-0.13880417,0.07178463,0.003631207,-0.07093545,-1.1750072,-0.1200104,-0.14749156,0.00011443191,-0.0031712018,0.0
-0.035267986,0.039548866,0.015439103,-0.0057468005,-0.07085096,0.038507815,-0.079681806,0.14107536,0.015061623,0.0017972484,-0.098802656,9.400876e-05,0.026475208,1.4865689,-0.031405903,0.04393753,0.09246662,-0.22554468,-0.52997214,-0.07345247,-0.39343038,-0.03300278,-0.06373022,-0.02468084,-0.2606445,-0.0846144,-0.5594543,-0.4559038,-0.8886299,-0.0018177212,0.42499083,0.10853646,0.0015577332,-0.10867053,-0.49774122,-0.098648824,0.52776444,9.501921e-05,-0.005713529,0.0
0.023765083,0.009899231,-0.122347616,-0.0119402995,0.025411865,0.04528658,0.0318041,-0.117833704,0.011972286,0.0022187643,0.12890574,0.0007865098,-0.02843627,-0.34554014,-0.016555909,0.061120916,0.08207926,-0.26677766,-0.6425507,-0.3005296,0.040797405,-0.0094473185,0.035329632,-0.029365592,-0.08238019,-0.103197075,0.008182391,-0.13470747,-1.2862983,-0.044380225,-0.07380352,0.047551915,0.0030035498,-0.27449933,0.12886187,-0.10558531,-0.22120371,9.501921e-05,-0.0032787323,0.0
-0.07738972,0.0014222795,-0.0066807037,0.00828822,-0.002583092,-0.044953164,-0.05030168,-0.07345832,0.006225943,0.0026019965,-0.12261834,0.00049310643,0.019610051,-0.022360567,-0.08314509,0.16729881,0.052866545,-0.3635526,-0.5328273,-0.24562366,-0.3579718,0.0376437,-0.063347526,-0.033504497,-0.21893929,-0.10899708,-0.4152878,-0.5676975,-1.0089489,-0.07359369,0.005676915,0.035139542,0.0032336647,-0.07312958,-1.0571709,-0.12795062,-0.008782803,0.00011443191,-0.0027615295,0.0
0.00621684,0.0021082931,0.102468595,-0.016897654,-0.016268054,-0.07651956,0.019320482,0.21807943,0.015620265,0.0021540055,0.16687015,-0.0002755851,0.008698255,-0.26517707,0.024113603,0.17424442,0.061410833,-0.38151428,0.6612235,-0.140401,-0.41023564,-0.029448655,0.05927299,0.008771242,0.16742964,-0.100716725,0.008778249,0.13904713,-0.48376772,-0.008856265,-0.03424353,-0.03515705,0.0020290285,-0.2197472,0.49251443,0.20542338,0.029207157,9.501921e-05,-0.0033802707,0.0
-0.027845042,-0.00012264933,0.045822367,0.0132918535,0.00992585,-0.0809459,0.03768131,-0.061189722,0.012107721,0.0024777108,0.21624039,0.0018129635,0.020248968,0.022927068,-0.092687264,-0.20742038,0.03582284,0.17548952,0.12646766,0.20242965,-0.16267419,0.010602066,-0.16685042,-0.080820836,0.105125524,-0.11370704,-0.63901955,0.18276432,-0.22220506,-0.0769822,0.053103868,0.037079133,0.0038019402,-0.06325961,-1.070083,-0.14384946,-0.051997665,0.00025415904,-0.00549002,0.0
-0.09081973,0.0005900682,0.00296967,0.008351842,0.03838513,0.045094427,0.044974644,0.28589144,-0.12014033,0.0015553213,-0.15659156,0.0007747311,-0.01866179,0.08697539,0.025832525,0.08045674,0.07887492,-0.28771424,0.7573831,-0.1919591,-0.3344933,-0.094688945,-0.058859043,-0.038600087,-0.10419649,-0.115767494,-0.3204766,0.49074036,-1.1265631,-0.037240323,0.03723977,-0.080725566,0.001458545,-0.101124525,-0.7690269,-0.1346323,0.01983666,0.00014365409,-0.0023238533,0.0
0.029827464,0.04075467,-0.023657827,-0.007128657,-0.012944231,-0.039584342,0.022914266,-0.12196583,0.006611594,0.0028678444,-0.21528232,-0.0005025421,0.015277824,0.053153712,0.02510743,-0.01468403,0.007183872,0.14867103,-0.21352002,-0.17604439,-0.069380894,-0.031409286,0.13894397,-0.0029414506,-0.32448617,-0.08934656,-0.020545749,-0.76766735,0.27214748,0.037146043,-0.18877304,-0.047681868,0.0017075515,-0.038260847,-1.2321534,-0.11237821,-0.08996566,0.00025415904,-0.0040957076,0.0
0.032997794,0.057577036,0.06655186,-0.0050084083,0.01955458,-0.05284746,-0.079444245,-0.11272141,0.008788348,0.0026197026,-0.08273141,0.00027009076,0.018085856,-0.61692554,0.023908284,0.08798086,0.06074407,-0.27139968,0.102496766,-0.20461446,-0.444857,0.001998884,-0.09258453,-0.0393859,-0.15082934,-0.10940931,-0.6394789,0.42244557,-1.0803561,-0.03833359,-0.2810714,0.048995506,0.0028339576,-0.12247791,0.94515085,-0.09789901,-0.35956836,0.000102727914,-0.004515118,0.0
0.031409323,-0.025195269,0.100723445,0.014023465,-0.11138318,-0.05800598,-0.07057922,-0.081435114,0.00800342,0.0031330953,0.18454565,0.0011834905,0.022109872,0.040711258,-0.04499625,-0.007661691,0.08147865,-0.22555116,-0.5349464,0.25535274,0.08717988,0.038522672,0.16176902,0.040377356,-0.3336207,-0.091335595,-0.4091424,-0.5575359,2.0531058,0.0075432607,0.1976783,0.1152965,0.00027259154,-0.1588174,-0.92525995,-0.24465948,0.33884832,5.815976e-05,-0.0065207845,0.0
0.023105713,0.015595103,-0.16728316,0.00707194,-0.027931374,0.02927133,0.023575397,-0.11236365,0.010815776,0.0015155016,-0.12929054,0.00033782344,0.01593794,-0.24963711,0.023641545,0.04557558,-0.060208727,0.11141753,-0.537551,0.20494886,-0.1698581,-0.013882761,-0.17543936,-0.06168405,-0.26481837,-0.106542155,0.3147114,-0.6848156,-0.38555464,-0.073604256,-0.22592524,-0.044347864,0.001992364,-0.19986114,0.018118631,0.07587634,-0.39517072,5.815976e-05,-0.0029610577,0.0
-0.021978755,0.061943434,-0.1557304,-0.0060343076,0.057199437,0.044180647,-0.10181213,-0.12757327,0.008563222,0.0022792895,-0.14140788,0.00017925027,0.019326907,-0.30799174,0.025358811,-0.43876216,0.21887682,0.11587171,0.1027777,0.07686827,-0.17455986,-0.0010523167,-0.16873218,0.013573803,-0.27953735,-0.109511025,-0.09287255,0.34982204,-1.2170635,-0.047268614,-0.2649397,0.037258655,0.0035741357,-0.19757727,0.05220117,-0.09022108,-0.4039442,0.000102727914,-0.003542274,0.0
0.024288265,0.008623191,0.008631344,0.008876955,0.0183014,0.041374646,-0.15092085,0.09698553,0.011751891,0.0019659624,-0.1198828,0.00038852615,0.027847938,-0.04201104,-0.09881798,0.1111275,-0.044432335,-0.23332858,-0.5849904,-0.09966711,-0.45573086,-0.014143908,-0.080153935,-7.5021e-05,-0.20422983,-0.104090706,-0.26711175,-0.2139052,-1.2193282,-0.062499486,0.028353028,0.08127643,0.0020527819,-0.08511422,-1.061454,-0.052158184,0.11846824,0.00011443191,-0.0031234159,0.0
0.037468046,-0.1579141,0.053465474,0.013520032,-0.015827652,0.048533805,0.036588497,-0.057707567,0.010342477,0.0021196813,0.21814378,0.0018256076,-0.010325459,-0.3234153,0.01564776,-0.0062322877,0.0073235976,0.16815235,0.44012094,-0.16648926,-0.18395469,0.0046861256,-0.07488207,-0.08108741,-0.2535257,-0.10621679,-0.23614256,0.67574006,-1.0922841,-0.11224692,-0.25526714,-0.01094598,0.0015947194,-0.07498818,0.16786245,-0.10783344,-0.4788121,0.00014365409,-0.0033350296,0.0
0.02502371,0.013683197,-0.13487422,-0.0063790646,0.06433399,-0.034656554,-0.085622296,-0.12841578,0.01173064,0.0011273705,-0.09805421,0.00030884397,0.00837376,-0.27061504,0.024531528,-0.40383455,0.19477053,0.09919262,-0.5940156,0.1802597,-0.43145224,0.009865992,-0.21560964,-0.03199089,-0.4091663,-0.116522096,0.26901594,-0.23207717,-1.2257234,-0.05936068,-0.26401794,0.038827173,0.0027196407,-0.17323649,-0.0061060907,0.27647156,-0.4220443,9.501921e-05,-0.002903648,0.0
0.036305185,0.057713546,0.003043057,-0.005151046,-0.0050663697,-0.031766973,-0.1202655,-0.070227094,-0.034300864,0.0036563636,-0.13706072,-0.0007097403,-0.13401407,-0.4785938,0.023043497,0.099367745,-0.034019485,-0.24371567,-0.19202167,0.24762633,-0.3833914,-0.012755646,0.12110295,-0.015616424,-0.37045747,-0.076089755,-0.011482742,0.60022825,2.0728528,-0.020377876,-0.24616137,0.07089703,0.0005004768,-0.060732674,1.1501987,0.13103715,-0.2518586,0.00028338123,-0.0037649723,0.0
0.020163503,-0.0052383067,0.027343703,0.008943044,0.0011652006,-0.044215914,0.024063751,-0.16054453,-0.010393703,0.002036113,0.15250102,0.0016016968,-0.14185685,0.04127573,0.011630124,0.14748763,0.040648207,-0.43536365,-0.6179736,-0.36753505,-0.3456347,-0.00046953838,-0.050125465,-0.013153136,0.2970467,0.48308533,-0.8224491,0.21770863,-1.0986776,-0.042127535,-0.20590056,0.033549227,0.0026337716,-0.10262777,-1.105992,-0.13640843,-0.26515314,4.491094e-05,-0.008281506,0.0
-0.12111724,0.021389803,-0.0016607187,-0.0045274077,0.021265969,-0.052573066,0.021959675,-0.09693522,-0.06249413,0.0016199402,-0.19924486,0.00026991378,0.019758731,-0.2291422,0.02487313,0.18761498,0.06278799,-0.39625272,0.018361874,0.22956857,-0.088683926,0.016793992,-0.1422631,0.004032644,0.31944746,-0.1122464,0.3511653,0.4103309,0.41029853,-0.0186186,-0.22613172,-0.026781784,0.003994537,-0.056406822,0.051653545,-0.004709065,-0.31977794,0.00028338123,-0.005360336,0.0
-0.05962866,0.03183201,-0.0076021766,-0.015910802,0.029487098,-0.07202365,-0.09195736,-0.12120187,-0.031324465,0.0023886962,0.17819762,0.0001641153,0.018900104,-0.023033481,0.022204297,0.07027616,0.075715564,-0.34566996,0.18751393,-0.26276088,-0.098872766,0.020009814,-0.082014084,0.0011526974,0.26850402,-0.119650826,-0.85859245,-0.0014980842,-1.2233006,-0.031246994,-0.1654238,0.13467517,0.0035774768,-0.08190473,-1.0353551,-0.22315562,-0.2840721,0.00025415904,-0.0107503105,0.0
0.02602484,-0.07157336,-0.08284637,0.0083128335,0.036546223,0.03723665,0.018938065,-0.085623436,-0.062073696,0.002465994,-0.15939376,0.0006386343,0.016214848,1.4600966,-0.03711588,0.1715876,0.053882364,-0.36879054,-0.49317795,0.010445994,-0.3717446,0.015771853,-0.09108062,-0.06967401,0.120489866,-0.103867024,-0.91152537,-0.17094503,-0.8946276,-0.077568635,0.16636553,-0.03561491,0.0022787163,-0.091633916,-0.64030325,-0.20802028,-0.003957252,0.00011443191,-0.009144482,0.0
-0.018157018,0.04026167,0.004025794,-0.012935936,-0.01170936,0.057008687,-0.02748964,-0.13873446,0.0088769365,0.0022418106,0.16443186,0.00039745145,-0.035348497,1.410077,-0.042295348,0.016303549,-0.0028554837,0.162107,-0.57559127,-0.29833204,-0.293863,-0.050045453,0.002939166,-0.01716411,0.03753815,-0.08366217,-0.8287335,-0.5083186,-0.8639932,0.02319007,0.3654305,-0.05070603,0.0025580956,-0.09747501,-0.51585674,-0.22591917,0.40093488,0.00025415904,-0.008671288,0.0
-0.12262399,-0.12394513,0.023329746,0.015041804,0.016930388,0.06932847,0.037425116,-0.09718089,0.011102922,0.0025395846,0.33461833,0.0019106902,0.0025113095,-0.28478307,0.017192282,0.027771557,-0.045678053,0.19925718,0.53234076,-0.17407727,-0.18380594,-0.06016601,-0.076111965,-0.05125953,-0.30632445,-0.12108732,0.21033219,-0.09094939,-1.1850463,-0.100922726,-0.25081468,-0.018641878,0.0021148473,-0.05023178,0.08165691,-0.053187553,-0.44714215,0.00011443191,-0.0034042401,0.0
0.03872848,0.020028671,-0.13022397,0.012240224,0.03646819,-0.05368088,0.05146715,0.121674396,0.004601706,0.0005612062,0.15630212,0.002450906,0.056852713,-0.30453616,0.023769036,0.0954772,-0.03092394,-0.23111759,-0.62110186,0.14646159,-0.15863603,0.050961975,-0.1986267,-0.04924861,-0.10360051,-0.116902284,0.33076975,-0.31427118,-1.3028777,-0.10172607,-0.047039706,-0.027707955,0.0032947804,-0.08413373,0.07625148,-0.02643496,-0.35693234,0.00025415904,-0.0036826478,0.0
0.005414296,-0.022766486,-0.0013095356,0.010400535,0.0057416866,-0.06560562,0.01936216,-0.040066943,-0.035795603,0.0025050235,0.29866177,0.0027375754,0.020102693,0.057570413,0.02379423,-0.04866198,0.0027674912,0.1842382,0.3362637,0.22755098,-0.29395467,-0.0070630093,-0.023772927,-0.014363513,0.27923325,-0.095767334,0.003289799,-0.64107144,0.99463445,0.062237214,-0.13566665,-0.050442856,0.0019699472,-0.045107152,-1.2223282,0.048701566,-0.0716354,0.00011443191,-0.004148942,0.0
0.03582613,0.020189993,-0.0025983592,0.008500073,-0.01266281,0.031257447,-0.17941669,-0.11352113,0.0014033439,0.0019774814,-0.14558533,0.00050706853,0.019232733,-0.30982798,0.024937337,-0.1847111,0.050228313,0.13551874,-0.64905035,-0.087123916,-0.007956219,-0.050798673,-0.09096334,-0.09552316,-0.26287493,-0.10216768,0.0037931055,0.87311554,-1.1889305,-0.095281705,-0.23902808,0.08169731,0.0018831667,-0.08342008,0.101451874,-0.10550274,-0.42203784,0.00011503401,-0.0034069435,0.0
0.023205172,0.01824045,-0.012391687,0.013431465,0.05428647,-0.05507472,-0.10653693,-0.037038293,0.004869257,0.0021413679,0.18003426,0.00018758338,-0.0627345,-0.5100921,0.030715266,0.061779976,-0.02973771,0.13821533,-0.6866736,-0.13671306,-0.43617767,0.0015233505,0.12724307,0.05368747,0.2690371,-0.08287881,0.21262008,0.37753832,0.33648774,-0.025009701,-0.22728048,0.05613242,0.001511352,-0.070073,1.0694035,0.25742128,-0.20832254,0.00028338123,-0.004266768,0.0
-0.062239554,0.0024772976,-0.025271285,0.011976623,-0.0028505116,0.064182565,0.043195143,-0.13103896,0.011452171,0.002693567,0.16773184,-0.024323534,0.028063662,-0.025481697,-0.107416645,0.19045942,0.061079092,-0.43639615,0.10052726,0.09531263,-0.07289981,0.036785077,-0.19690233,-0.01256716,-0.1405539,-0.11505377,-0.45117867,0.15947035,-1.1292727,-0.08750419,-0.01679491,-0.06533012,0.0024204738,-0.23058806,-1.0647956,-0.19375828,-0.09327838,5.815976e-05,-0.00491257,0.0
0.020201111,0.004917298,0.07815795,0.012785869,-0.006076543,0.055657975,0.023289725,-0.122113906,0.0071958997,0.0031969685,0.20646144,0.0029008645,0.0243588,-0.022596505,-0.110799566,0.17135496,0.061353162,-0.44041172,-0.25363654,0.0054276404,-0.3587455,0.06531304,-0.12843868,-0.013330609,-0.06581367,-0.104042605,-0.3523541,-0.7709806,-1.2362968,-0.087618336,-0.016818842,-0.04200254,0.002210852,-0.065727405,-1.0577748,-0.092527926,0.006213337,0.00011443191,-0.0027721808,0.0
-0.08316006,-0.030847652,-0.016696833,0.007577732,0.009749675,-0.053027768,0.039425608,0.12911586,0.020643996,0.0014114848,-0.13863312,0.0004545539,0.04771097,0.11394251,0.02118316,0.031217512,-0.060714,0.103586756,-0.5244163,0.24149494,-0.002473364,-0.017081862,-0.032168552,-0.029095387,-0.36624712,-0.10196825,0.45127258,-0.32015795,2.1050768,-0.04161553,-0.053899735,-0.0803866,-0.0006234291,-0.20523481,-1.1720412,0.02040607,-0.06937732,5.815976e-05,-0.0047752312,0.0
0.019472752,0.05159378,-0.16213948,-0.0041761706,-0.012933787,0.02963925,0.02187933,-0.0969058,-0.042176764,0.0033136639,-0.16554184,-0.0005459192,0.031190878,0.050727375,0.025854323,-0.42031062,0.20235556,0.12981354,-0.53086674,0.18102093,-0.14140785,-0.021684127,0.07503197,-0.008080065,-0.27190328,-0.10918716,-0.68490857,-0.31882763,0.76709974,-0.027568746,-0.22972868,-0.043672822,0.0001568651,-0.047089387,-1.2141943,-0.2920462,-0.27360067,0.00025415904,-0.006788511,0.0
0.01554737,0.042245187,-0.096593685,-0.0035655058,0.16403884,0.03191726,0.03528375,0.4728557,0.026429404,-0.032964572,-0.12909104,0.00086197845,0.020476287,0.06523622,0.03663145,-0.18042982,0.027702838,0.10096427,0.13593055,-0.17642616,-0.3252742,-0.02030903,-0.062637754,-0.022534588,-0.18853307,-0.11673714,0.12155813,0.99696034,-1.0174804,-0.031141628,0.046310067,-0.016891684,-9.6122996e-05,-0.14179653,-1.1270959,0.12982264,-0.0015009632,0.000102727914,-0.002624543,0.0
0.01792017,0.0041454826,0.062080838,0.0044876477,0.024518065,0.056473672,0.043069962,0.0070657614,-0.049994133,0.0008582243,-0.17489433,0.00092158257,-0.026401533,-0.27463686,0.02645461,0.19260152,0.08704779,-0.40225542,0.021449702,-0.0662245,-0.058353484,0.013766375,-0.1299768,-0.020837702,0.06725168,-0.11319915,0.99682736,-0.3305924,-1.3341151,-0.08997463,-0.19607848,-0.028930863,0.0032417213,-0.07736054,0.044858366,0.18857832,-0.33205944,0.00025415904,-0.0026934408,0.0
-0.064679936,0.037768688,0.033463925,-0.02110954,0.02548779,-0.09004354,0.04558643,-0.09772201,0.009692288,0.0028531614,0.20902887,-0.01773229,0.024258286,-0.28555903,0.021211728,0.066003256,-0.054486837,0.19184324,0.65864134,-0.043091454,-0.40630946,-0.067682825,-0.12161098,-0.053389717,-0.18881482,-0.12090536,-0.024966912,0.00431394,-1.2807347,-0.0661936,-0.24110624,0.027465515,0.003162849,-0.071113504,0.22095594,0.03812995,-0.4189128,0.00025415904,-0.00484819,0.0
-0.037218608,-0.11072332,0.068966225,0.01485529,-0.017137852,-0.010368477,0.032444667,0.28280544,0.019827966,0.0024764931,0.22233143,0.0019984397,0.02753984,-0.5300518,0.01926871,0.045923885,0.053399377,-0.24818113,0.0386771,-0.023429796,2.7754424,0.021719694,-0.04051915,0.020086274,-0.32125765,-0.078007825,0.13135876,0.70193636,-0.9356648,0.10735402,-0.15406585,-0.13821234,0.0012172335,-0.04808531,0.83377314,0.48846665,0.03533297,0.00014365409,-0.001627207,0.0
-0.0048249573,-0.16303596,0.07565894,0.0037544768,0.042237353,0.04735903,0.026331335,0.19998267,0.004203897,0.0021343476,-0.1297563,0.00033910095,0.0127141345,-0.39187434,0.023507858,0.18291833,0.06366065,-0.31447223,0.6225542,0.003667969,-0.28884572,-0.025619691,0.1529598,-0.018542273,0.07522152,-0.078689225,0.801395,0.3747862,2.1795065,0.0018815136,-0.14420016,-0.017521055,0.00025258702,-0.07499317,1.3838669,0.20745307,-0.12615357,0.00014365409,-0.0030749885,0.0
0.03224243,0.0132664265,0.02962171,0.009440859,-0.005744736,-0.053499855,0.052080344,-0.12668124,0.005484039,0.0015754767,0.117489316,0.00063100073,0.023175748,-0.17836902,0.022196949,0.09140755,-0.026687201,-0.31421706,-0.5202572,0.34628797,-0.13208167,-0.009281542,-0.05057128,-0.0031314124,0.53567034,0.6273542,-0.93214536,0.0023533148,2.1098607,-0.0355388,-0.24628136,-0.040793195,0.00063477096,-0.06937862,0.10730248,-0.21001248,-0.4666463,0.00011443191,0.16726074,0.0
0.02648209,0.014129599,0.0245685,0.015370721,0.052844547,-0.044821538,0.025544463,-0.062086787,0.007017908,0.0015702579,0.17515288,0.0017909566,0.018802468,-0.34588563,0.026705403,0.16900122,0.009851659,-0.41883898,-0.6247469,-0.098856784,-0.34904552,0.04339565,-0.06790385,-0.019497916,-0.39973196,-0.098242484,0.016311625,-0.5888371,-1.2002534,-0.05587875,-0.08760155,-0.049448702,0.0035687666,-0.05660452,0.11054247,-0.037656892,-0.18040605,0.00025415904,-0.00248909,0.0
0.031170899,-0.02254244,-0.016827323,-0.007208237,0.025981842,-0.039786328,-0.085112795,0.14466354,0.011105006,0.0028501037,-0.14832594,-0.00049666176,0.043763872,0.99038917,-0.059446547,0.081085965,-0.016132442,0.11467696,0.30532917,0.19980784,-0.028957551,-0.013711666,0.13373111,0.037239663,-0.2931213,-0.0746433,-0.3575148,0.05175894,1.7524074,0.02746161,0.2956885,0.10443429,0.0028015524,-0.060463443,-0.8432597,-0.076699406,0.48103768,0.00025415904,-0.006920358,0.0
0.011262419,-0.019751184,0.1090818,0.010561047,0.021872055,-0.10233992,-0.056544103,0.09114247,0.012081863,-0.0588241,0.18147698,0.0027697354,-0.0005636999,-0.33999535,0.017463807,-0.007085371,0.0021842096,0.1682906,0.5261044,-0.3218376,-0.3446814,-0.02768967,-0.040079948,-0.030730147,0.05340951,-0.12247659,-0.2996433,-0.31659788,-1.2553649,0.012210931,-0.25302097,0.018392006,-0.21808992,-0.23090816,0.13053258,-0.08655588,-0.2122176,5.815976e-05,-0.0032074582,0.0
0.018735506,0.009446201,-0.002174552,0.0071275076,0.023554567,0.041139226,0.03019733,0.25965995,0.013920718,0.0015551518,-0.12850657,0.00021686623,-0.08884326,-0.19103694,0.023566695,-0.46668544,0.16433254,0.09257669,-0.505743,0.29186726,-0.27198982,-0.034016058,0.11820723,-0.040918216,-0.18892284,-0.09531515,0.68083304,-0.27675435,2.2728858,-0.0124047985,-0.023737207,-0.02917538,-0.0010982123,-0.1670593,0.12945098,0.30692673,0.07510305,5.815976e-05,-0.0038062525,0.0
0.025359258,0.0077152946,-0.018488355,0.011048841,-0.012501145,-0.08334676,-0.14543498,-0.14645344,0.0028148794,0.0026106334,0.1408326,-0.00042267816,0.016753014,0.11276326,-0.014732122,0.1660647,0.05572114,-0.45687544,0.7407888,-0.39092356,-0.37613267,-0.019357357,0.06488656,-0.010937972,0.07338815,-0.11332722,-0.8077759,0.11979035,-1.1834275,-0.03443026,-0.10373032,0.08217318,0.003966166,-0.076074086,-0.5208761,-0.14289546,0.0691409,0.00025415904,-0.0063413694,0.0
0.026651165,-0.0027196035,-0.00942669,0.015229251,-0.012204587,0.036984432,-0.088192314,-0.1026165,0.0023650026,0.0022994503,0.16336371,0.00041493797,0.028459078,0.07976819,0.02453811,0.016492318,-0.06526069,0.14360715,-0.5738836,0.19251123,-0.30595413,-0.044500206,0.13883828,-0.011380871,-0.6128457,-0.0901865,-0.45476946,-0.5447254,1.9969759,0.012217573,-0.17818534,0.09168623,0.00069370423,-0.057919603,-1.2247813,-0.09934046,-0.032337118,0.00011443191,-0.004563284,0.0
-0.039435595,0.05008977,-0.017481046,-0.0059041083,0.016358279,0.036277246,0.048300583,-0.1437095,0.0044446043,0.0030879555,-0.22623318,0.00030207372,-0.10080733,0.07095915,0.026080484,0.09602994,-0.013151342,-0.28492883,0.21138607,0.23018844,-0.12210814,-0.028785443,-0.017238531,-0.018749313,-0.0193906,-0.09764348,-0.094605565,-0.17561613,1.5911295,0.011313121,-0.17665753,-0.052811027,0.000899319,-0.06188572,-1.2892196,-0.06400824,-0.20642893,0.00025415904,-0.0045845504,0.0
0.017047014,0.012307672,0.016899148,-0.0040187566,-0.15872099,-0.07041393,0.025721895,-0.12832429,0.006463644,0.0013711108,-0.16090992,0.00019191267,0.0046175234,-0.29876864,0.02450174,0.16976072,0.029253056,-0.37499577,0.040811177,-0.36290154,-0.17558755,-0.08030514,-0.06703857,-0.022830267,-0.3283864,-0.112562545,0.31877604,-0.21748923,-1.2526276,-0.024551088,-0.23125093,-0.035260238,0.003240102,-0.08094082,0.0026235555,0.005670487,-0.3830843,0.00025415904,-0.0031635952,0.0
0.013995346,-0.049872056,-0.11581934,0.008084115,-0.019312652,0.054548703,-0.11316031,-0.12187481,0.005693231,0.003157759,-0.14744326,0.00056018564,0.029225295,-0.058518138,-0.094225556,0.06506474,-0.039128132,0.12548923,0.0397931,-0.33786938,-0.3558156,-0.012159932,0.073412284,-0.024083422,-0.034061,-0.09996295,-0.21974297,-0.25469893,-1.1936471,-0.03326464,-0.006420293,0.13499586,0.0028932928,-0.19210276,-0.9988656,-0.060240623,0.266251,5.815976e-05,-0.0030782437,0.0
0.03610825,-0.043491624,0.026322857,0.008212001,0.009313118,0.041194063,-0.1827339,0.2353779,0.01758967,0.002475844,-0.17826216,0.00057179655,0.020940632,-0.317455,0.01968206,0.16816276,0.015594814,-0.35220206,-0.3110824,-0.13218974,-0.18717518,-0.047312118,-0.0685236,-0.05942939,-0.20977461,-0.106051624,0.40517068,-0.3039787,-1.2701164,-0.09995053,-0.032781847,0.07322758,-0.00087020645,-0.069755755,0.11202908,0.120811075,-0.116483174,0.00011443191,-0.0027706316,0.0
-0.029131953,0.05008081,-0.0030451235,-0.0053270245,0.05742981,0.05163606,-0.081626296,-0.12271672,0.0032401285,0.001466376,-0.1645084,0.00016406522,0.020784022,-0.29758108,0.023203438,0.17769852,0.07674394,-0.39814678,-0.59506714,-0.16011879,-0.4199366,-0.042576805,0.043190733,-0.016099844,-0.06141873,-0.09941237,0.29524168,-0.19115022,-1.0218861,0.020489413,-0.25614345,0.072169155,0.0025935033,-0.09557868,0.051500704,0.15842025,-0.14366588,0.0001061048,-0.002764079,0.0
0.037234325,0.008501396,-0.12068556,0.00812945,0.009178369,0.03993856,0.045370862,0.06701814,-0.17566854,0.0020602974,-0.14491868,0.0009910284,0.10730672,-0.30396804,0.026448825,0.16220416,0.011774299,-0.3937879,-0.6588731,0.11631684,-0.0796642,0.001989606,-0.18093368,-0.054882873,-0.13016362,-0.11074971,0.2293902,0.39864993,-1.3467898,-0.07098998,-0.06491553,-0.05699063,0.0017530675,-0.0821155,0.11440386,-0.059778,-0.21094581,0.00014365409,-0.004099267,0.0
0.016531073,0.057043057,0.039157275,-0.0067707608,-0.1976998,-0.05504628,0.026026323,0.14917585,0.008604889,0.0015607582,-0.12583621,0.00073084934,0.01243547,-0.5375771,0.015978903,-0.0050717294,-0.012673602,0.13212714,0.65375173,0.17809038,-0.4141949,-0.011947361,-0.18092191,-0.061734438,-0.15857954,-0.124108486,0.0749035,1.2396281,-1.2731972,-0.061052803,-0.17419395,-0.006154121,0.0025035634,-0.09256908,1.0868076,0.11668073,-0.29030007,0.00028338123,-0.003985467,0.0
0.018093051,-0.0088560805,0.10829917,0.010764281,-0.015908204,0.061521593,0.021495491,-0.11577551,0.011443163,0.0031611046,0.26630458,0.001210722,0.03536356,1.4025539,-0.09635795,0.04896301,-0.022801094,0.16290586,-0.5465358,-0.28629357,-0.14999802,-0.02035006,0.11318744,0.029421948,-0.071813956,-0.07817788,-0.70155287,-0.01691958,-0.64237136,0.013458451,0.398001,-0.0608575,0.0020305202,-0.2605703,-0.6865204,-0.20445529,0.41746378,5.815976e-05,-0.00904072,0.0
-0.1155427,0.00069146,-0.0198295,0.014308802,-0.027020812,-0.054510273,0.028567694,-0.047082964,0.009840234,0.002190454,0.19907285,0.0023336634,0.018495083,-0.26859942,0.025437076,0.090548016,-0.027843207,-0.30112782,0.1610444,0.16745518,-0.14748846,0.0061087124,-0.20050524,-0.05845119,-0.20578215,-0.10956436,0.2564374,0.15020393,-0.4477642,-0.09105204,-0.23067622,-0.014479915,0.0043752105,-0.054989543,0.038957734,-0.032411706,-0.444531,0.00011443191,-0.0041712695,0.0
0.009204389,0.006264057,-0.031373184,0.011328603,0.004388349,0.0703575,-0.0685507,0.124416985,0.012521094,0.003377956,0.18760715,-0.0034186104,0.030631056,0.009272628,-0.055204414,0.03666187,-0.04041709,0.15632378,0.33696812,0.16413064,-0.1361769,0.04763169,0.1750715,0.023448618,0.20892216,-0.0969225,-0.94651854,-0.23335664,1.4840323,0.035423115,0.25162697,0.07444019,0.001541133,-0.18534292,-0.868522,-0.32748342,0.4080293,9.501921e-05,-0.012552703,0.0
0.034923747,0.0010522553,-0.08967612,0.0079561705,-0.011187106,0.040869176,-0.13160446,0.17054832,0.008446152,0.0037728767,-0.15463665,0.00025669252,0.024165362,0.10434124,0.01994089,0.18372501,0.046531387,-0.29991344,0.19385087,0.1762883,-0.30732086,0.05480288,0.17654535,-0.010063271,0.11683603,-0.095667906,0.19340834,0.06589119,2.3605232,-0.016832974,-0.114845686,0.16715206,9.2018454e-05,-0.06603056,-1.096184,0.08556088,0.031502996,0.00011443191,-0.0036326437,0.0
0.023357753,0.023091163,0.08320431,0.0072658374,0.00018932833,0.0043556835,0.02651915,0.27589527,0.023031404,0.0010067711,-0.14672622,0.00047204102,0.01510377,-0.49884138,0.020177845,-0.41702837,0.16897304,0.09295749,-0.56500226,0.22367121,-0.26529327,0.077374734,-0.19844836,-0.03608685,-0.101808876,-0.10864181,0.37703544,-0.83782434,0.20231827,-0.08080195,-0.16421843,-0.031381987,-0.00067131955,-0.048015896,1.0357547,0.27157676,-0.15125793,0.00025415904,-0.004079955,0.0
0.028497942,0.027189247,0.0285467,0.011477336,-0.0022347278,0.061503924,0.038222387,-0.11525835,0.0075792167,0.0023589833,0.23307855,0.0019899704,-0.042330388,-0.27266544,0.022783868,0.17314951,0.06944866,-0.42152178,0.17136765,-0.009796708,-0.42070684,-0.027786916,-0.13100512,-0.020437479,0.2492125,-0.1127235,0.35365218,-0.26163504,-1.3137668,-0.021081936,-0.25811756,0.017883876,0.0024535193,-0.07862637,0.034508552,0.12072623,-0.40233994,0.00025415904,-0.003167508,0.0
0.023979498,-0.0041205254,-0.025225231,0.008295524,-0.07117549,0.04270724,-0.043510113,0.16995284,0.018831955,-0.06344152,-0.15758319,0.0006389993,-0.086147964,0.06189009,0.03511333,0.080558024,-0.014600425,-0.19059663,-0.57486784,0.15012085,0.053380005,-0.06597448,0.13352847,-0.017150246,-0.34642982,-0.1001951,-0.28025782,-0.7140475,0.6645321,-0.053225506,0.059428617,0.08453819,-0.00022644078,-0.0582058,-1.1388962,-0.2654243,-0.046046287,0.00011443191,-0.0043423977,0.0
0.013687715,0.0036844132,-0.132969,0.008255145,-0.027449872,0.057766244,0.021569975,0.12562862,0.017836273,0.003441889,0.14096665,-0.026190635,0.021784008,0.06749608,0.025161564,0.1873156,0.010653919,-0.4170813,0.7096981,-0.016710412,0.033608045,-0.012645411,-0.05688923,-0.009416941,0.22323616,-0.115515605,-0.44803095,0.004016869,-0.94972694,-0.05303722,-0.14541218,-0.04712515,0.0030031337,-0.20048775,-0.7700372,-0.21715587,-0.23639195,5.815976e-05,-0.0076138964,0.0
0.028106367,0.017334407,0.06539137,0.0077623855,0.009854485,0.054164004,0.036630083,-0.123367816,0.0067621614,0.0025839226,-0.18400955,0.00035479837,-0.033750102,-0.25969374,0.013930728,0.16212715,0.062993735,-0.42320305,0.5294342,-0.25478432,-0.36893144,-0.064066604,-0.06252684,-0.03330005,0.0019859108,-0.1308169,0.22460963,-0.26793808,-1.0762955,-0.02118557,-0.24016213,-0.026144402,0.0024933887,-0.07845873,0.059873674,0.17992045,-0.39317426,0.00011443191,-0.0019700315,0.0
0.018251609,0.03620519,-0.007892638,-0.003941979,0.07305952,-0.06652798,-0.08657312,-0.06830156,0.008480254,0.002499071,-0.14373246,-0.0006030862,-0.024978207,0.02269473,0.012711336,-0.18802719,0.040819183,0.123183645,-0.22418457,-0.30975902,-0.16966133,0.046663027,0.03986705,0.063003704,-0.15095036,-0.10031045,-0.91813534,0.008146829,1.8991568,0.05417067,-0.08513126,0.03944413,0.001461724,-0.09030944,-0.99561536,-0.31816822,0.39988685,5.9112037e-05,-0.0098671345,0.0
0.034875255,-0.11859476,0.0049229106,0.011349587,-0.029605921,0.057139613,0.028842224,0.2052724,0.017277494,0.0021363634,0.192906,0.0027375754,0.021031475,-0.5520749,0.02366422,0.17858087,0.02876007,-0.3739415,-0.45448637,-0.19083983,-0.15750995,-0.019474456,0.022427268,-0.016285738,0.20396203,-0.09932449,0.35680616,-0.75534725,-1.3646219,-0.04651109,-0.17869407,0.04259639,0.000999856,-0.077965304,0.82438195,0.01442416,-0.2431017,0.00011443191,-0.0031342376,0.0
0.0028505165,0.015285808,0.057512827,0.008174894,-0.014493121,0.05712032,0.017002795,-0.07281685,0.007617084,0.0027372807,-0.22049548,0.0004745334,0.028262679,0.022459162,-0.10460544,0.17151174,0.05293808,-0.38434553,0.49433535,-0.037064247,-0.3725406,-0.01854694,-0.047525786,-0.002458334,-0.0891382,-0.12723292,0.16177914,-0.23591727,-1.2096007,0.032053117,0.0038416549,-0.023294127,0.0032326013,-0.06777331,-0.9860242,0.12408565,0.16051279,0.00025415904,-0.0024684912,0.0
0.04068908,0.00988733,0.0031669743,0.011537149,0.001697617,0.05358244,-0.18589498,-0.044356175,0.004872902,0.0029915213,0.18419817,0.0018363629,-0.089385636,-0.32680666,-0.0112608345,-0.25542122,0.060288195,0.15800291,0.5813425,-0.23083133,-0.19366762,0.02372802,-0.08520121,-0.05447801,0.15816276,-0.1291116,-0.6571658,-0.30997437,-1.1739006,-0.052966785,-0.07128036,0.06444731,0.002601598,-0.07524911,0.2722896,-0.14680009,-0.18985969,0.00011443191,-0.0065847877,0.0
-0.097147495,0.010428787,0.03408711,0.008095957,-0.02265286,0.04886746,0.047148198,-0.1025485,0.008193709,0.002830546,-0.1897414,-0.00018325943,0.018996827,-0.30561143,0.03071837,-0.20353916,0.050626487,0.120696865,0.044100706,-0.30216327,0.05834523,-0.0040586577,0.09083593,0.018926872,-0.26000616,-0.1117698,0.1687186,-0.75329953,-1.1466756,-0.070371695,-0.21080008,-0.04438095,0.002823243,-0.045112375,0.04718059,-0.10975588,-0.3654267,0.00011443191,-0.0026020317,0.0
-0.075732395,0.06720763,-0.07924729,-0.013978205,0.0048820493,-0.04951399,0.03678718,-0.10502618,-0.0855514,0.0024001212,0.14509532,0.0012613318,0.038388066,1.5181531,-0.03778352,0.0030785883,0.007623537,0.1216091,-0.56669426,-0.13320345,-0.09773163,-0.023442484,-0.047490112,-0.04525804,-0.07860184,-0.09042635,-0.23464693,-0.7225393,-0.7151635,-0.10791946,0.16024558,-0.06311848,0.0029522218,-0.2365912,-0.62283,-0.12611327,0.03896156,9.501921e-05,-0.0043444587,0.0
0.015857276,-0.16683285,0.0014672778,0.007930585,0.041140396,0.038148817,0.021781815,0.11088701,0.017743481,0.002075678,-0.12597947,0.0013576543,0.0055258977,-0.5794307,0.014249782,0.0021400969,-0.048154138,0.14380331,-0.7201851,-0.36750445,-0.17678814,0.041902766,-0.08244344,-0.021722123,0.017301142,-0.10860556,0.1548413,0.051976837,-1.3164127,-0.046933845,-0.19951878,-0.03890229,0.0025182427,-0.06466053,0.8948288,-0.084939405,-0.2484778,0.00011443191,-0.0025008034,0.0
0.022818685,0.0051985905,-0.026597459,0.008686988,0.057810117,0.030397775,0.02132778,-0.12666914,-0.0039571133,0.0019712585,-0.119376354,-0.0003906691,0.023159543,-0.021252079,0.021498764,0.060933195,0.07982333,-0.26415768,-0.5832897,-0.34408543,-0.17950617,-0.019894114,0.05516933,0.004707177,-0.4456429,-0.10034102,-0.49747333,-0.21112095,-1.1307553,0.021610335,-0.18913394,0.09851307,0.0013403785,-0.06965524,-1.1349547,-0.12587288,-0.02965635,0.00011443191,-0.0038718747,0.0
0.008289872,0.010956912,0.14597958,-0.019500092,-0.016743481,-0.052411664,-0.08431248,-0.1048837,0.0022387411,0.0027407992,0.17926213,-8.2273385e-05,0.013511543,-0.28195858,0.023525745,0.097235754,-0.010742083,-0.25727823,0.46890187,-0.0828263,-0.1240186,-0.009777877,0.13737537,0.081742704,-0.11865757,-0.09824092,-0.35344988,-0.52869594,0.83839124,0.040746253,-0.21404012,0.07400559,0.0039299666,-0.055938795,0.29188973,-0.098853715,-0.13279861,0.00025415904,-0.0052841855,0.0
0.03314529,0.0071930317,0.009327992,0.008533127,0.042681187,0.041357215,0.04979595,-0.11010789,0.0067510246,0.0017317301,-0.20910631,0.00087378576,-0.056618158,0.015745053,-0.011107641,-0.23627104,0.050564155,0.12313793,0.012063427,-0.06921259,-0.022064425,-0.04258341,-0.09129209,-0.08018971,-0.19086944,-0.111623265,0.27893144,-0.8178111,-1.062881,-0.16643934,-0.06805328,-0.024232667,0.0020069068,-0.070816986,-1.0631284,-0.12004367,-0.3224521,0.00011443191,-0.0028009256,0.0
0.03537407,0.008300007,-0.02211875,-0.0048614074,-0.028731827,-0.08336532,0.022158593,-0.1337499,0.0055211172,0.0019398453,-0.12849188,0.00029649292,0.026543316,-0.35736635,0.024416538,0.106833965,-0.023409706,-0.2662872,0.14459851,-0.3279517,-0.38130698,0.07139429,-0.04350818,-0.025085317,-0.20156434,-0.11162636,-0.31921896,-0.52992433,-1.239975,0.03329328,-0.25330397,-0.040967748,-0.23682152,-0.07921273,0.05876136,-0.09977681,-0.45368767,0.00025415904,-0.002608908,0.0
0.038255706,-0.024651742,-0.1140004,0.008390558,-0.024564449,-0.06871374,0.008477047,-0.11837833,-0.052552868,0.0027435184,-0.17517817,0.00084162585,0.010842848,0.011728424,0.02639612,0.16922426,0.005045033,-0.4267036,0.09318736,0.15118705,-0.46124318,-0.03494792,-0.19951877,-0.07042086,0.039999858,-0.108959615,-0.027636966,0.15312594,-1.1909788,-0.03246541,-0.18729113,-0.05434548,0.0027846484,-0.07852053,-1.2177312,0.10539506,-0.34601524,0.00011443191,-0.003273345,0.0
-0.14024656,0.02857318,0.021442238,0.011255228,0.016436819,0.038765598,0.042884476,0.22537686,0.01587397,0.0009130146,0.1676065,0.002439512,-0.16800657,-0.5282153,0.024244241,0.17972222,0.014964428,-0.37795535,0.7247289,-0.18304123,-0.021570195,0.004805076,-0.08641077,-0.009910391,0.32466745,-0.1202082,0.4492803,0.5668159,-1.302792,-0.041883785,-0.13476694,-0.040247455,0.0006121249,-0.10429453,1.0431802,0.024815459,-0.21346113,0.00028338123,-0.0027298676,0.0
0.009729118,0.009287591,-0.1586514,0.010137152,-0.19180171,-0.060685832,0.024280906,-0.1343127,0.008926702,0.0020970826,0.17833823,0.0018724347,-0.0040353816,0.032104034,0.016078897,-6.2855426e-05,-0.04234168,0.13631058,-0.6447009,-0.3056591,-0.34480977,-0.021522665,-0.052342985,-0.004818918,0.19655308,-0.0943899,0.34192902,0.1902261,-1.0879899,-0.04330321,-0.19666064,-0.043215506,0.003098125,-0.08624439,-1.0964342,0.35390118,-0.18551786,0.00011443191,-0.0026732823,0.0
0.037744604,0.0045648054,-0.003252334,0.0075397417,0.015674427,-0.057492927,-0.050785765,0.1154736,0.011989214,0.0016417133,-0.16539794,0.0011215401,0.054659467,0.007622212,0.025605962,0.023238307,-0.024939701,0.1314084,-0.21299489,-0.25214213,-0.47560257,0.06037368,0.14917222,0.0038197637,-0.14682458,-0.08073414,0.069820695,0.13007502,-0.6389021,0.6751603,0.020753315,0.03547165,0.0033802052,-0.054859884,-1.0302975,0.2460497,0.39382622,0.00011443191,-0.003125942,0.0
-0.075897716,-0.019148074,-0.021089833,0.017589636,0.048607115,-0.042233836,0.05760144,-0.06307547,0.0098784035,0.0009938721,0.15246621,0.0018256076,0.00051444914,-0.007458821,0.026266245,0.03617412,0.09101103,-0.3128726,-0.56862533,0.102420375,-0.36532027,-0.00016357083,-0.14829825,-0.074534416,-0.29890588,-0.11206419,-0.39438134,0.012904975,-1.1933933,-0.09728972,-0.15439178,-0.041997366,0.001344386,-0.06852734,-1.1905959,-0.093202785,-0.4317942,0.00011443191,-0.00379639,0.0
-0.060320534,-0.017800024,0.065592036,-0.006741081,-0.012045657,-0.0689441,-0.04582293,-0.13605526,0.007032772,0.0023132986,-0.20594263,0.00027883874,-0.0435825,1.4681767,-0.05464434,-0.031743042,0.010043398,0.17200999,0.20600536,0.024669446,-0.23310466,0.0023229218,-0.15315345,-0.013059608,-0.22552764,-0.099518165,-0.53192717,0.13654266,-0.9354279,-0.097272314,0.2084349,0.033559844,0.0036868881,-0.071008764,-0.74682707,-0.08691676,-0.005376023,0.00025415904,-0.005755033,0.0
0.022346156,0.007828899,-0.101646565,0.008296453,-0.091956064,0.05734365,0.016100211,0.23230928,-0.0039148577,0.0026830046,-0.15476789,0.0004745334,-0.0066911997,0.0031269793,-0.039216254,0.17117469,0.05204926,-0.275822,-0.56642735,0.09083997,-0.36261636,0.00045432916,-0.19218294,-0.022000406,-0.09208868,-0.1167128,0.14946881,-0.71573967,-1.2246511,-0.074304566,0.30446196,-0.029215371,0.0010032267,-0.07468327,-0.8824336,0.096192494,0.09453465,0.00025415904,-0.002681399,0.0
-0.030568006,0.015858462,0.015215971,-0.006219626,0.04515198,-0.04264669,-0.11434395,-0.06168074,0.009115291,-0.03147023,-0.11865174,0.00027009076,0.024968892,-0.03643697,0.027755547,0.050006542,-0.040884033,0.14734362,-0.5463956,0.1758223,-0.042248096,-0.062340163,-0.16392374,-0.07717963,-0.16004042,-0.10867176,-0.45200557,-0.26349092,-1.1218953,-0.0788477,-0.15818764,0.08988569,0.0022729677,-0.13493337,-1.13854,-0.09953213,-0.24730998,9.501921e-05,-0.0054272967,0.0
0.017822789,-0.10391077,0.004233204,0.00840899,-0.030997006,-0.0500565,0.023077141,0.115944766,0.012251642,0.0015261606,-0.13729818,0.00075121876,0.10429143,0.019113282,-0.06224979,0.10027125,-0.026449982,-0.22667581,-0.61736834,-0.2731463,-0.059562195,0.06029726,0.03694438,0.012600784,-0.47474116,-0.1033569,0.31455362,0.157525,-1.2755498,-0.01944814,0.017050996,-0.026342386,0.0028206527,-0.06913734,-1.0022385,-0.06374048,0.06937703,0.00011443191,-0.002976878,0.0
0.0109545,-0.035425503,-0.14357086,0.007683483,-0.0045803916,0.046409916,-0.08602255,-0.05885629,-0.027536236,0.0033439442,-0.18467377,0.0011215401,-0.15935346,0.040054817,0.008179501,0.02986997,-0.0323804,0.09736567,0.38593256,-0.10904044,-0.40400407,-0.059729695,0.13743518,0.007747275,0.052610893,-0.09741665,-0.21345152,0.070877984,1.4977739,0.54843587,-0.032872643,0.10647986,-0.00047529457,-0.04792063,-1.0429211,0.009313415,0.3816651,0.00011443191,-0.004278519,0.0
-0.13915206,0.0028665822,-0.07449081,0.007653322,0.014561389,0.010664357,0.01638156,0.32794076,-0.008388475,0.0014255898,-0.14269267,0.00035479837,-0.011428463,-0.29640707,0.0158924,0.16708902,0.053468227,-0.3354216,-0.6663754,-0.20070186,-0.1578985,-0.006918444,-0.08149902,-0.017734107,-0.13940483,-0.10852355,0.33361134,0.8446664,-1.4051757,-0.07124555,-0.032715198,0.0104830945,0.0005471777,-0.084598675,0.15269531,0.124611385,-0.04917667,0.00014365409,-0.0031194687,0.0
0.021593634,0.067816764,0.078679554,-0.004143257,-0.010146126,0.04208945,0.012518409,-0.13901141,-0.11736356,0.0018932462,-0.16836953,0.00031472434,0.037372034,0.089440234,0.00088455307,0.11738171,0.010268896,-0.21905749,-0.13315278,0.3025295,-0.30525205,0.03081652,0.11505706,0.016126217,-0.2703259,-0.08874794,0.3737295,-0.16650239,2.2451727,0.00392706,-0.043757588,-0.045196272,-0.0004876039,-0.188395,-1.078914,0.2860537,0.255756,9.501921e-05,-0.0029542036,0.0
0.03768302,0.013427415,0.069288924,0.0143119935,0.04393892,0.042874265,0.060764547,-0.10011493,0.00062426657,0.0018787242,0.16734783,0.0011469583,0.018061824,0.03759775,-0.08489059,0.17752682,0.05215469,-0.43051696,-0.597885,-0.11526329,-0.07790692,0.03875561,-0.031052401,-0.0772373,-0.38391393,-0.10506238,-0.7996005,0.6581766,-1.1407752,-0.030403629,-0.0060574505,-0.035448752,0.00095769,-0.06701788,-1.0778705,-0.22478767,0.02236122,0.00014365409,-0.008752687,0.0
-0.27213445,-0.00459656,0.009129619,0.0074998494,0.068406664,0.04125785,0.03770735,0.15590046,0.012555251,0.0021933555,-0.20305926,0.0002729579,0.025010677,0.07367028,0.024213713,0.00438627,-0.0146293435,0.1839907,0.18439712,-0.01856191,-0.13019277,-0.11639973,-0.02457443,0.02331131,-0.16016993,-0.09898873,-0.83596975,0.86105126,-0.25110027,-0.026882216,-0.07029986,-0.053765286,0.0013892701,-0.09809265,-1.1659937,-0.27062857,-0.101632856,7.233865e-05,-0.008844283,0.0
-0.031121638,-0.030756013,0.113332585,0.01133012,0.009416572,0.055775687,-0.016462807,0.1530496,0.012918917,0.0033197543,0.19031793,-0.013104722,0.03007652,-0.2778986,0.015972577,0.05058936,0.051082492,-0.2996957,0.07569278,0.28650507,-0.2980685,-0.022161001,0.16693541,0.009493958,-0.05366348,-0.09190217,-0.09683236,0.073308535,1.690202,-0.0028315592,-0.03858918,0.04842006,0.00015368668,-0.22007103,0.22388667,0.1389211,0.04271814,5.815976e-05,-0.0037365095,0.0
0.044888172,0.014071911,0.028552627,0.0071769636,-0.15754412,-0.052186463,0.012635915,-0.19420314,0.007625891,0.0013163596,-0.16567966,0.0013393809,0.024188288,0.025449052,-0.0024266338,0.16730572,0.0632148,-0.38980684,0.13534687,-0.2803511,-0.36837715,0.070487455,-0.057583805,-0.038147576,-0.09401123,-0.117051974,0.3203673,-0.5656573,-1.1751373,-0.010578893,-0.07029756,-0.050676603,0.00409027,-0.0837031,-1.0793483,0.22435896,-3.140005e-05,4.1155567e-05,-0.0021947557,0.0
0.0044058315,0.018284142,0.09723484,0.007136459,0.028441336,0.044466052,0.02269398,0.1941313,0.01193913,0.0015444562,-0.1685363,-0.00038457732,0.019697197,-0.21152475,0.024891824,-0.1583279,0.027124967,0.09385883,-0.12692264,0.24452546,-0.2665335,-0.02243786,0.160243,0.05312195,-0.30330184,-0.09281381,0.3752513,-0.70971805,2.2172348,-0.022446774,-0.032275982,-0.049076393,0.0016659537,-0.1878201,0.14375217,0.18891124,-0.0055791074,5.815976e-05,-0.0030330503,0.0
0.0246637,0.03981691,0.07613144,-0.019746698,0.0148957195,0.06326234,-0.2248009,0.027793428,-0.11715477,0.0024346258,0.2388361,0.0013532939,-0.027550498,-0.24440165,0.023707118,-0.22455865,0.05131436,0.123390794,0.73990726,-0.05153388,-0.11997888,-0.0015550845,-0.1195106,0.016511433,0.11803151,-0.12634063,0.26522478,-0.13524866,-1.353437,-0.07326019,-0.19112319,0.059835404,0.0035130293,-0.07218541,0.32421923,-0.079181954,-0.33217135,0.00025415904,-0.0039256075,0.0
-0.14369583,-0.044546135,0.059526645,-0.008180445,0.05940521,-0.067906976,0.05849047,0.15960383,0.0027909293,0.0017214296,-0.14499003,0.0003023733,0.01903186,0.007121008,0.027597405,-0.19820277,0.03686585,0.12199096,-0.3433318,0.14296722,-0.33347568,0.06828473,-0.17038454,-0.091050625,-0.23778589,-0.10561164,-0.3430548,0.34755623,-1.1540322,-0.034558482,-0.053620096,-0.02033573,0.0031735857,-0.06992236,-1.1905607,-0.08544389,-0.050841156,0.00028338123,-0.0037160374,0.0
-0.13018602,0.031303365,0.016437253,0.008477235,0.0043394566,-0.05780215,0.030054463,-0.1238685,0.006193227,0.0027277581,-0.18371813,0.0009910284,-0.042290304,-0.30470768,0.0264992,0.16466379,0.0116191795,-0.44263473,0.5405093,-0.17191893,0.0035473183,-0.006632471,-0.08356322,-0.024595642,-0.038215987,-0.12355057,0.028454585,-0.5567791,-1.2229897,-0.06075245,-0.22629926,-0.037130147,0.004641748,-0.07093134,0.10668126,-0.09836629,-0.41054523,0.00011443191,-0.0034654264,0.0
0.04541394,0.07685474,-0.00198641,-0.005670548,-0.10756948,0.026845485,0.028249977,-0.15386312,0.0037030696,0.0023175282,-0.13242796,0.0004030956,0.03203156,-0.5361332,0.02928651,0.17096162,0.0929559,-0.3517664,-0.6579694,-0.1391045,0.08886927,0.04453456,0.08415368,0.0037333583,-0.42317843,-0.09269649,0.43033534,0.7744898,0.07785786,-0.052356504,-0.23261999,-0.008026175,0.0006618055,-0.05751945,0.95993865,-0.091502935,-0.32275012,0.00028338123,-0.0039033967,0.0
0.0010285641,-0.022698496,-0.17502895,0.011777668,0.048836507,0.0463697,0.059076298,-0.07385849,0.012796946,0.0016649569,0.16634026,0.0019669896,0.02801277,-0.348429,0.029354863,-0.46751705,0.21417102,0.13817635,0.025924824,-0.1520141,0.048429873,0.02649127,-0.063923724,0.01375378,-0.33312643,-0.102937855,-0.035074092,0.1663541,-1.1053863,-0.11134752,-0.076739244,-0.027112355,0.003402479,-0.2743902,0.12252342,-0.10387484,-0.42984566,5.815976e-05,-0.0029254253,0.0
-0.100890726,0.008040072,-0.0025644365,0.013744181,-0.058867116,0.045202885,0.039797813,-0.04553045,0.0114958305,0.002546736,0.13983063,0.0011221728,0.0127180945,-0.3343683,0.018099446,-0.44055742,0.19562308,0.1835913,-0.6403581,-0.25048292,-0.124079704,-0.0022670757,-0.079109244,-0.030784795,-0.45989355,-0.113869995,-0.87282753,0.102323435,-1.0734332,-0.07924488,-0.3009575,-0.027619801,0.0021956007,-0.06320555,0.061206385,-0.22580057,-0.58125466,0.00011443191,-0.009020707,0.0
-0.008588601,0.04007378,0.016863007,0.0035367622,0.043125805,0.028861387,0.016502833,-0.12584843,-0.0036741311,0.0014117392,-0.1261128,0.00048820127,-0.074902765,-0.51281935,0.026370265,0.17679532,-0.016109066,-0.3442823,-0.61096454,0.16577518,-0.38283733,-0.012613359,-0.046777938,-0.009676657,-0.319781,-0.09752445,0.8795697,-0.5472826,-0.9434202,0.036912628,-0.23770508,-0.02146931,0.0020521292,-0.063709095,0.94674736,0.35257027,-0.33494467,0.00025415904,-0.002455977,0.0
0.014695549,-0.08700009,-0.0050672563,0.007534844,0.049529523,0.033213474,0.017499723,-0.104767695,-0.06202494,0.0016533214,0.20578109,0.002751462,-0.14651953,0.13457982,0.023360588,0.16057813,0.04729407,-0.43381253,0.6231217,0.16469966,-0.31485817,0.064315684,0.0018633795,-0.015057965,0.6461002,0.5168519,-0.04957875,0.13338295,0.4060402,0.0026683304,-0.10114483,-0.037655134,-0.00016777794,-0.04143034,-0.90683407,0.017637976,0.005202176,0.00011443191,0.113168344,0.0
0.046454873,-0.02077806,-0.007451381,0.009073944,-0.0054788636,0.045679115,0.049054477,0.114633396,0.018147178,0.002476809,-0.19845426,0.00054041995,0.028041927,-0.009867674,-0.05238237,0.09660217,-0.04460022,-0.23497073,0.10659238,0.13160104,-0.08837674,-0.0088827945,-0.19297187,-0.06377689,-0.2625433,-0.12367473,0.19014259,-0.030335419,-1.1840965,-0.11217132,0.36156464,-0.040016163,0.0025015958,-0.07082856,-0.968355,-0.07453216,0.017105985,0.00011443191,-0.0038028252,0.0
-0.046137277,0.0762096,-0.15352194,-0.00026998523,0.012339029,0.040896535,0.016156707,-0.04868756,0.012576625,0.0026805545,-0.15625289,0.00026962068,0.019432506,-0.23656207,0.022592137,-0.17726724,0.041952662,0.069418065,0.539025,0.1930072,3.0130067,0.001597383,-0.11226997,-0.06677181,0.30754173,-0.090998046,0.21488284,-0.17672452,-0.8989971,-0.023987612,-0.20112428,0.0008056129,0.0025354275,-0.19429752,0.16855511,0.32537913,-0.31128195,9.501921e-05,-0.0025822502,0.0
0.011949628,-0.02512523,-0.016410928,0.0133193955,-0.001365974,-0.05628513,-0.10867716,0.15840894,0.010534251,0.0026897911,0.22346291,0.002751462,0.025146693,0.07847891,0.020619549,0.10266108,-0.043663718,-0.27908787,0.33061272,0.009530503,-0.34325626,-0.025242701,0.04059475,-0.008522129,-0.068741195,-0.08669027,-0.05727942,0.776958,0.41018105,-1.8110528e-05,-0.054531034,0.080234766,0.002815952,-0.046593722,-1.2311864,-0.020613369,0.044547945,0.00014365409,-0.004611801,0.0
-0.18171684,-0.0022064883,0.051894296,0.008481988,-0.12813558,-0.03279492,-0.12584934,0.12282728,0.013823418,0.002043118,-0.111600995,0.0010595911,0.017455796,-0.3469998,0.020164255,0.16735901,0.014220689,-0.36750555,-0.6010829,-0.1596544,0.058721103,-0.023679467,-0.119253516,-0.0067247995,-0.017801778,-0.10831805,-0.2736735,-0.82308924,-1.2136617,-0.12740755,-0.23665379,0.058959503,0.0027795495,-0.08077256,0.03812485,-0.15852828,-0.50252223,0.00025415904,-0.0030928047,0.0
0.024966136,-0.031831756,0.017675798,0.0062337853,-0.027675616,0.030275218,-0.11586861,0.23493516,0.0108214775,0.0029594048,-0.13678378,0.00035298744,-0.091714114,-0.12999116,0.021108413,0.024690071,-0.02840347,0.08457216,0.5129135,-0.005974611,-0.20695671,0.06141428,0.13033861,0.0101520885,0.48066807,0.5308513,0.7772568,-0.026504278,2.2444963,0.011861065,0.019915648,0.11788052,-0.0013511567,-0.049837314,0.5622126,0.21276985,0.081608765,0.00011443191,-0.004138036,0.0
0.008480411,-0.08718076,0.069494165,0.0077484734,0.033001922,0.040198408,-0.06239727,-0.15447815,0.0078903595,0.002267075,-0.20890382,0.0011215401,-0.1803592,-0.08942404,-0.035916414,0.10061164,-0.003989281,-0.24563295,0.4790986,0.18682067,-0.16953984,-0.07728923,0.124647446,0.0048378394,0.33350718,-0.08962823,0.45284742,0.45932937,1.0600877,0.017059507,-0.010896246,0.04923325,0.0005664829,-0.05563382,1.0753521,0.1322198,0.032384105,0.00014365409,-0.0042722537,0.0
0.018078418,0.021273652,-0.0025593694,0.0055184094,0.007718341,0.038315315,0.027462749,0.1826024,0.015433081,0.0016856233,-0.14891392,0.00059177604,0.0383241,0.9231641,-0.036461886,-0.13614416,0.027275944,0.09073594,0.43172836,0.1901517,-0.2968013,-0.01481478,-0.14357309,0.02057093,0.4290586,0.5971407,0.42186642,0.14172733,0.8745933,-0.04212853,0.33226007,0.020635411,0.00087839493,-0.15948226,-0.77696556,0.19738133,0.28607678,5.815976e-05,-0.004591714,0.0
-0.08943908,-0.025246378,-0.12948786,0.007793025,0.050448745,-0.06257272,0.05412214,-0.082744785,0.004362674,0.0011299633,-0.21099696,0.0007286846,-0.041693028,-0.29625565,0.021194573,0.020830955,-0.033190284,0.16003531,-0.35323596,-0.18717791,-0.33384305,0.006524174,-0.05828713,-0.021770868,-0.13807459,-0.104562886,0.28334397,0.15481035,-1.2811477,-0.039803572,-0.06114447,-0.039802138,0.0041788938,-0.075574614,0.09866404,0.19026215,-0.16972974,0.00011443191,-0.0024583165,0.0
0.021662377,-0.008660211,0.105859034,-0.026948918,0.04471328,-0.028143296,-0.06841066,0.2502573,0.012418929,0.0015664946,0.116979994,0.00035480037,-0.15676786,0.030695705,0.04413684,0.16404897,0.0071476223,-0.30242905,-0.5599383,-0.2969301,-0.35565555,0.05229276,0.097305216,0.031535666,-0.41033334,-0.08822,-0.54814285,-0.54408556,0.6972868,0.53782237,0.003871703,0.08358312,0.0006594908,-0.05337667,-0.99056405,-0.18749243,0.5366688,0.00025415904,-0.0049752994,0.0
-0.18064895,0.024647383,-0.0016293164,0.008044206,-0.019617463,-0.06425245,0.027003258,-0.13267647,0.008599935,0.0029013082,-0.2092875,0.0007747311,0.025633287,1.3701236,-0.03817062,0.027299972,-0.023321144,0.15511143,0.5176361,-0.17632088,-0.21764305,-0.0152611835,-0.063726604,-0.015534567,-0.06326198,-0.105265744,0.0459576,-0.12705268,-0.84037644,-0.04645428,0.34517467,-0.028246278,0.005156225,-0.06523901,-0.6203809,-0.059777874,0.29554504,0.00011443191,-0.0031516298,0.0
